1610490910.7587347,0,0,-1,0
1610490910.768736,0,0,-1,0
1610490910.7787385,0,0,-1,0
1610490910.78874,0,0,-1,0
1610490910.7987418,0,0,-1,0
1610490910.8087423,0,0,-1,0
1610490910.8187435,0,0,-1,0
1610490910.8287463,0,0,-1,0
1610490910.8387477,0,0,-1,0
1610490910.8487487,0,0,-1,0
1610490910.8587513,0,0,-1,0
1610490910.8687522,0,0,-1,0
1610490910.8787527,0,0,-1,0
1610490910.888755,0,0,-1,0
1610490910.898756,0,0,-1,0
1610490910.9087567,0,0,-1,0
1610490910.918758,0,0,-1,0
1610490910.9287596,0,0,-1,0
1610490910.9387608,0,0,-1,0
1610490910.9487631,0,0,-1,0
1610490910.9587646,0,0,-1,0
1610490910.9687653,0,0,-1,0
1610490910.9787655,0,0,-1,0
1610490910.9887686,0,0,-1,0
1610490910.9987695,0,0,-1,0
1610490911.0087698,0,0,-1,0
1610490911.018771,0,0,-1,0
1610490911.0287728,0,0,-1,0
1610490911.038774,0,0,-1,0
1610490911.0487764,0,0,-1,0
1610490911.0587785,0,0,-1,0
1610490911.0687814,0,0,-1,0
1610490911.0787818,0,0,-1,0
1610490911.088783,0,0,-1,0
1610490911.0987847,0,0,-1,0
1610490911.1087859,0,0,-1,0
1610490911.1187887,0,0,-1,0
1610490911.1287897,0,0,-1,0
1610490911.1387923,0,0,-1,0
1610490911.1487927,0,0,-1,0
1610490911.1587958,0,0,-1,0
1610490911.168798,0,0,-1,0
1610490911.1788,0,0,-1,0
1610490911.1888022,0,0,-1,0
1610490911.198805,0,0,-1,0
1610490911.208808,0,0,-1,0
1610490911.2188098,0,0,-1,0
1610490911.2288115,0,0,-1,0
1610490911.2388124,0,0,-1,0
1610490911.2488148,0,0,-1,0
1610490911.2588162,0,0,-1,0
1610490911.2688186,0,0,-1,0
1610490911.2788198,0,0,-1,0
1610490911.2888217,0,0,-1,0
1610490911.2988245,0,0,-1,0
1610490911.3088264,0,0,-1,0
1610490911.3188293,0,0,-1,0
1610490911.3288295,0,0,-1,0
1610490911.338832,0,0,-1,0
1610490911.3488338,0,0,-1,0
1610490911.3588352,0,0,-1,0
1610490911.3688369,0,0,-1,0
1610490911.378839,0,0,-1,0
1610490911.3888416,0,0,-1,0
1610490911.3988442,0,0,-1,0
1610490911.408845,0,0,-1,0
1610490911.418846,0,0,-1,0
1610490911.4288464,0,0,-1,0
1610490911.4388473,0,0,-1,0
1610490911.4488487,0,0,-1,0
1610490911.4588513,0,0,-1,0
1610490911.4688528,0,0,-1,0
1610490911.4788556,0,0,-1,0
1610490911.4888566,0,0,-1,0
1610490911.498858,0,0,-1,0
1610490911.5088592,0,0,-1,0
1610490911.5188606,0,0,-1,0
1610490911.5288615,0,0,-1,0
1610490911.5388632,0,0,-1,0
1610490911.5488646,0,0,-1,0
1610490911.558866,0,0,-1,0
1610490911.568867,0,0,-1,0
1610490911.5788682,0,0,-1,0
1610490911.588871,0,0,-1,0
1610490911.5988712,0,0,-1,0
1610490911.6088717,0,0,-1,0
1610490911.6188736,0,0,-1,0
1610490911.6288743,0,0,-1,0
1610490911.6388745,0,0,-1,0
1610490911.6488771,0,0,-1,0
1610490911.6588798,0,0,-1,0
1610490911.668881,0,0,-1,0
1610490911.678882,0,0,-1,0
1610490911.6888828,0,0,-1,0
1610490911.6988842,0,0,-1,0
1610490911.708885,0,0,-1,0
1610490911.7188873,0,0,-1,0
1610490911.7288888,0,0,-1,0
1610490911.7388918,0,0,-1,0
1610490911.7488945,0,0,-1,0
1610490911.7588966,0,0,-1,0
1610490911.7688978,0,0,-1,0
1610490911.7788997,0,0,-1,0
1610490911.7889006,0,0,-1,0
1610490911.7989013,0,0,-1,0
1610490911.8089042,0,0,-1,0
1610490911.818907,0,0,-1,0
1610490911.8289087,0,0,-1,0
1610490911.8389096,0,0,-1,0
1610490911.848911,0,0,-1,0
1610490911.8589115,0,0,-1,0
1610490911.8689137,0,0,-1,0
1610490911.878916,0,0,-1,0
1610490911.8889172,0,0,-1,0
1610490911.8989184,0,0,-1,0
1610490911.908921,0,0,-1,0
1610490911.9189224,0,0,-1,0
1610490911.9289253,0,0,-1,0
1610490911.9389277,0,0,-1,0
1610490911.94893,0,0,-1,0
1610490911.9589324,0,0,-1,0
1610490911.9689326,0,0,-1,0
1610490911.9789333,0,0,-1,0
1610490911.9889336,0,0,-1,0
1610490911.9989338,0,0,-1,0
1610490912.008935,0,0,-1,0
1610490912.0189369,0,0,-1,0
1610490912.028938,0,0,-1,0
1610490912.0389385,0,0,-1,0
1610490912.0489407,0,0,-1,0
1610490912.058943,0,0,-1,0
1610490912.0689433,0,0,-1,0
1610490912.0789464,0,0,-1,0
1610490912.088947,0,0,-1,0
1610490912.09895,0,0,-1,0
1610490912.1089525,0,0,-1,0
1610490912.1189544,0,0,-1,0
1610490912.1289554,0,0,-1,0
1610490912.1389573,0,0,-1,0
1610490912.1489577,0,0,-1,0
1610490912.158959,0,0,-1,0
1610490912.1689608,0,0,-1,0
1610490912.178963,0,0,-1,0
1610490912.1889648,0,0,-1,0
1610490912.1989655,0,0,-1,0
1610490912.2089665,0,0,-1,0
1610490912.2189684,0,0,-1,0
1610490912.2289698,0,0,-1,0
1610490912.2389703,0,0,-1,0
1610490912.2489715,0,0,-1,0
1610490912.2589746,0,0,-1,0
1610490912.2689757,0,0,-1,0
1610490912.2789783,0,0,-1,0
1610490912.288981,0,0,-1,0
1610490912.298982,0,0,-1,0
1610490912.3089845,0,0,-1,0
1610490912.3189857,0,0,-1,0
1610490912.3289874,0,0,-1,0
1610490912.3389888,0,0,-1,0
1610490912.348991,0,0,-1,0
1610490912.358992,0,0,-1,0
1610490912.3689942,0,0,-1,0
1610490912.3789968,0,0,-1,0
1610490912.3889978,0,0,-1,0
1610490912.3989997,0,0,-1,0
1610490912.4090009,0,0,-1,0
1610490912.419001,0,0,-1,0
1610490912.4290028,0,0,-1,0
1610490912.439005,0,0,-1,0
1610490912.449006,0,0,-1,0
1610490912.4590065,0,0,-1,0
1610490912.4690092,0,0,-1,0
1610490912.4790108,0,0,-1,0
1610490912.4890118,0,0,-1,0
1610490912.4990141,0,0,-1,0
1610490912.5090168,0,0,-1,0
1610490912.5190187,0,0,-1,0
1610490912.529021,0,0,-1,0
1610490912.5390227,0,0,-1,0
1610490912.5490246,0,0,-1,0
1610490912.559026,0,0,-1,0
1610490912.5690286,0,0,-1,0
1610490912.57903,0,0,-1,0
1610490912.5890312,0,0,-1,0
1610490912.5990336,0,0,-1,0
1610490912.6090353,0,0,-1,0
1610490912.6190364,0,0,-1,0
1610490912.629039,0,0,-1,0
1610490912.6390398,0,0,-1,0
1610490912.6490421,0,0,-1,0
1610490912.6590452,0,0,-1,0
1610490912.6690457,0,0,-1,0
1610490912.6790476,0,0,-1,0
1610490912.689049,0,0,-1,0
1610490912.6990497,0,0,-1,0
1610490912.7090518,0,0,-1,0
1610490912.7190547,0,0,-1,0
1610490912.729057,0,0,-1,0
1610490912.7390578,0,0,-1,0
1610490912.7490594,0,0,-1,0
1610490912.7590618,0,0,-1,0
1610490912.7690642,0,0,-1,0
1610490912.7790654,0,0,-1,0
1610490912.789068,0,0,-1,0
1610490912.7990685,0,0,-1,0
1610490912.8090694,0,0,-1,0
1610490912.8190725,0,0,-1,0
1610490912.8290737,0,0,-1,0
1610490912.839075,0,0,-1,0
1610490912.849076,0,0,-1,0
1610490912.859078,0,0,-1,0
1610490912.869079,0,0,-1,0
1610490912.8790796,0,0,-1,0
1610490912.88908,0,0,-1,0
1610490912.8990812,0,0,-1,0
1610490912.909083,0,0,-1,0
1610490912.9190838,0,0,-1,0
1610490912.9290853,0,0,-1,0
1610490912.9390874,0,0,-1,0
1610490912.9490902,0,0,-1,0
1610490912.959093,0,0,-1,0
1610490912.9690936,0,0,-1,0
1610490912.979095,0,0,-1,0
1610490912.9890962,0,0,-1,0
1610490912.9990976,0,0,-1,0
1610490913.009098,0,0,-1,0
1610490913.0191004,0,0,-1,0
1610490913.0291014,0,0,-1,0
1610490913.039104,0,0,-1,0
1610490913.049106,0,0,-1,0
1610490913.0591078,0,0,-1,0
1610490913.0691097,0,0,-1,0
1610490913.0791101,0,0,-1,0
1610490913.0891125,0,0,-1,0
1610490913.0991142,0,0,-1,0
1610490913.1091166,0,0,-1,0
1610490913.1191194,0,0,-1,0
1610490913.1291206,0,0,-1,0
1610490913.1391234,0,0,-1,0
1610490913.1491246,0,0,-1,0
1610490913.1591253,0,0,-1,0
1610490913.169128,0,0,-1,0
1610490913.1791306,0,0,-1,0
1610490913.1891325,0,0,-1,0
1610490913.1991336,0,0,-1,0
1610490913.2091355,0,0,-1,0
1610490913.2191381,0,0,-1,0
1610490913.2291405,0,0,-1,0
1610490913.239143,0,0,-1,0
1610490913.2491453,0,0,-1,0
1610490913.2591474,0,0,-1,0
1610490913.26915,0,0,-1,0
1610490913.2791526,0,0,-1,0
1610490913.289154,0,0,-1,0
1610490913.2991567,0,0,-1,0
1610490913.3091571,0,0,-1,0
1610490913.3191595,0,0,-1,0
1610490913.32916,0,0,-1,0
1610490913.3391626,0,0,-1,0
1610490913.349164,0,0,-1,0
1610490913.3591654,0,0,-1,0
1610490913.369167,0,0,-1,0
1610490913.3791683,0,0,-1,0
1610490913.389169,0,0,-1,0
1610490913.3991709,0,0,-1,0
1610490913.4091723,0,0,-1,0
1610490913.4191725,0,0,-1,0
1610490913.4291742,0,0,-1,0
1610490913.439176,0,0,-1,0
1610490913.4491782,0,0,-1,0
1610490913.4591787,0,0,-1,0
1610490913.4691813,0,0,-1,0
1610490913.4791822,0,0,-1,0
1610490913.4891846,0,0,-1,0
1610490913.499187,0,0,-1,0
1610490913.509188,0,0,-1,0
1610490913.5191908,0,0,-1,0
1610490913.5291924,0,0,-1,0
1610490913.5391927,0,0,-1,0
1610490913.5491955,0,0,-1,0
1610490913.5591972,0,0,-1,0
1610490913.5691996,0,0,-1,0
1610490913.5792005,0,0,-1,0
1610490913.5892026,0,0,-1,0
1610490913.5992033,0,0,-1,0
1610490913.609204,0,0,-1,0
1610490913.619207,0,0,-1,0
1610490913.6292083,0,0,-1,0
1610490913.63921,0,0,-1,0
1610490913.6492126,0,0,-1,0
1610490913.6592133,0,0,-1,0
1610490913.669214,0,0,-1,0
1610490913.6792157,0,0,-1,0
1610490913.6892161,0,0,-1,0
1610490913.699217,0,0,-1,0
1610490913.7092197,0,0,-1,0
1610490913.7192228,0,0,-1,0
1610490913.7292235,0,0,-1,0
1610490913.739226,0,0,-1,0
1610490913.7492266,0,0,-1,0
1610490913.7592287,0,0,-1,0
1610490913.7692313,0,0,-1,0
1610490913.7792325,0,0,-1,0
1610490913.789235,0,0,-1,0
1610490913.799238,0,0,-1,0
1610490913.8092408,0,0,-1,0
1610490913.8192415,0,0,-1,0
1610490913.8292437,0,0,-1,0
1610490913.8392444,0,0,-1,0
1610490913.849245,0,0,-1,0
1610490913.8592472,0,0,-1,0
1610490913.869249,0,0,-1,0
1610490913.8792515,0,0,-1,0
1610490913.8892524,0,0,-1,0
1610490913.8992548,0,0,-1,0
1610490913.909257,0,0,-1,0
1610490913.919259,0,0,-1,0
1610490913.9292612,0,0,-1,0
1610490913.9392614,0,0,-1,0
1610490913.949262,0,0,-1,0
1610490913.9592624,0,0,-1,0
1610490913.9692655,0,0,-1,0
1610490913.9792671,0,0,-1,0
1610490913.9892685,0,0,-1,0
1610490913.9992704,0,0,-1,0
1610490914.0092711,0,0,-1,0
1610490914.0192719,0,0,-1,0
1610490914.0292723,0,0,-1,0
1610490914.0392742,0,0,-1,0
1610490914.049275,0,0,-1,0
1610490914.0592759,0,0,-1,0
1610490914.0692787,0,0,-1,0
1610490914.07928,0,0,-1,0
1610490914.0892806,0,0,-1,0
1610490914.0992825,0,0,-1,0
1610490914.109284,0,0,-1,0
1610490914.119286,0,0,-1,0
1610490914.1292877,0,0,-1,0
1610490914.139289,0,0,-1,0
1610490914.1492915,0,0,-1,0
1610490914.159292,0,0,-1,0
1610490914.1692948,0,0,-1,0
1610490914.1792965,0,0,-1,0
1610490914.1892974,0,0,-1,0
1610490914.1992996,0,0,-1,0
1610490914.209302,0,0,-1,0
1610490914.2193036,0,0,-1,0
1610490914.2293055,0,0,-1,0
1610490914.2393072,0,0,-1,0
1610490914.2493093,0,0,-1,0
1610490914.259312,0,0,-1,0
1610490914.269314,0,0,-1,0
1610490914.2793157,0,0,-1,0
1610490914.2893167,0,0,-1,0
1610490914.299318,0,0,-1,0
1610490914.3093207,0,0,-1,0
1610490914.3193212,0,0,-1,0
1610490914.329323,0,0,-1,0
1610490914.3393242,0,0,-1,0
1610490914.3493247,0,0,-1,0
1610490914.3593264,0,0,-1,0
1610490914.369329,0,0,-1,0
1610490914.3793294,0,0,-1,0
1610490914.3893318,0,0,-1,0
1610490914.3993337,0,0,-1,0
1610490914.4093368,0,0,-1,0
1610490914.4193394,0,0,-1,0
1610490914.4293416,0,0,-1,0
1610490914.4393444,0,0,-1,0
1610490914.4493468,0,0,-1,0
1610490914.4593487,0,0,-1,0
1610490914.469351,0,0,-1,0
1610490914.479354,0,0,-1,0
1610490914.4893556,0,0,-1,0
1610490914.4993558,0,0,-1,0
1610490914.509359,0,0,-1,0
1610490914.5193608,0,0,-1,0
1610490914.5293617,0,0,-1,0
1610490914.5393617,0,0,-1,0
1610490914.5493646,0,0,-1,0
1610490914.5593667,0,0,-1,0
1610490914.5693693,0,0,-1,0
1610490914.5793707,0,0,-1,0
1610490914.5893714,0,0,-1,0
1610490914.5993848,0,0,-1,0
1610490914.6093855,0,0,-1,0
1610490914.6193867,0,0,-1,0
1610490914.6293876,0,0,-1,0
1610490914.6393878,0,0,-1,0
1610490914.6493907,0,0,-1,0
1610490914.6593914,0,0,-1,0
1610490914.6693943,0,0,-1,0
1610490914.679395,0,0,-1,0
1610490914.6893973,0,0,-1,0
1610490914.6994,0,0,-1,0
1610490914.7094011,0,0,-1,0
1610490914.7194026,0,0,-1,0
1610490914.7294035,0,0,-1,0
1610490914.739405,0,0,-1,0
1610490914.7494059,0,0,-1,0
1610490914.759407,0,0,-1,0
1610490914.76941,0,0,-1,0
1610490914.7794108,0,0,-1,0
1610490914.7894118,0,0,-1,0
1610490914.7994137,0,0,-1,0
1610490914.8094141,0,0,-1,0
1610490914.819415,0,0,-1,0
1610490914.8294163,0,0,-1,0
1610490914.8394167,0,0,-1,0
1610490914.8494174,0,0,-1,0
1610490914.859419,0,0,-1,0
1610490914.8694203,0,0,-1,0
1610490914.8794231,0,0,-1,0
1610490914.8894255,0,0,-1,0
1610490914.8994257,0,0,-1,0
1610490914.9094267,0,0,-1,0
1610490914.9194279,0,0,-1,0
1610490914.9294305,0,0,-1,0
1610490914.939431,0,0,-1,0
1610490914.9494317,0,0,-1,0
1610490914.9594316,0,0,-1,0
1610490914.9694324,0,0,-1,0
1610490914.979433,0,0,-1,0
1610490914.9894354,0,0,-1,0
1610490914.999437,0,0,-1,0
1610490915.0094392,0,0,-1,0
1610490915.0194404,0,0,-1,0
1610490915.029441,0,0,-1,0
1610490915.0394418,0,0,-1,0
1610490915.0494423,0,0,-1,0
1610490915.0594442,0,0,-1,0
1610490915.0694468,0,0,-1,0
1610490915.079448,0,0,-1,0
1610490915.0894496,0,0,-1,0
1610490915.0994523,0,0,-1,0
1610490915.109454,0,0,-1,0
1610490915.1194546,0,0,-1,0
1610490915.1294553,0,0,-1,0
1610490915.139457,0,0,-1,0
1610490915.1494582,0,0,-1,0
1610490915.1594596,0,0,-1,0
1610490915.1694603,0,0,-1,0
1610490915.179463,0,0,-1,0
1610490915.1894655,0,0,-1,0
1610490915.1994681,0,0,-1,0
1610490915.209469,0,0,-1,0
1610490915.2194693,0,0,-1,0
1610490915.2294717,0,0,-1,0
1610490915.2394738,0,0,-1,0
1610490915.249476,0,0,-1,0
1610490915.2594788,0,0,-1,0
1610490915.2694807,0,0,-1,0
1610490915.2794833,0,0,-1,0
1610490915.2894843,0,0,-1,0
1610490915.2994869,0,0,-1,0
1610490915.3094897,0,0,-1,0
1610490915.3194916,0,0,-1,0
1610490915.3294933,0,0,-1,0
1610490915.3394947,0,0,-1,0
1610490915.349497,0,0,-1,0
1610490915.3594975,0,0,-1,0
1610490915.3694994,0,0,-1,0
1610490915.3795006,0,0,-1,0
1610490915.3895023,0,0,-1,0
1610490915.3995037,0,0,-1,0
1610490915.4095042,0,0,-1,0
1610490915.4195051,0,0,-1,0
1610490915.4295073,0,0,-1,0
1610490915.4395094,0,0,-1,0
1610490915.44951,0,0,-1,0
1610490915.4595108,0,0,-1,0
1610490915.4695122,0,0,-1,0
1610490915.479514,0,0,-1,0
1610490915.4895148,0,0,-1,0
1610490915.499517,0,0,-1,0
1610490915.5095193,0,0,-1,0
1610490915.5195205,0,0,-1,0
1610490915.5295227,0,0,-1,0
1610490915.5395231,0,0,-1,0
1610490915.549525,0,0,-1,0
1610490915.5595267,0,0,-1,0
1610490915.5695276,0,0,-1,0
1610490915.5795283,0,0,-1,0
1610490915.5895293,0,0,-1,0
1610490915.5995314,0,0,-1,0
1610490915.6095338,0,0,-1,0
1610490915.6195366,0,0,-1,0
1610490915.629537,0,0,-1,0
1610490915.6395397,0,0,-1,0
1610490915.6495404,0,0,-1,0
1610490915.659542,0,0,-1,0
1610490915.6695447,0,0,-1,0
1610490915.6795459,0,0,-1,0
1610490915.6895483,0,0,-1,0
1610490915.6995506,0,0,-1,0
1610490915.7095525,0,0,-1,0
1610490915.7195551,0,0,-1,0
1610490915.7295551,0,0,-1,0
1610490915.739556,0,0,-1,0
1610490915.749557,0,0,-1,0
1610490915.7595596,0,0,-1,0
1610490915.76956,0,0,-1,0
1610490915.7795627,0,0,-1,0
1610490915.7895632,0,0,-1,0
1610490915.799564,0,0,-1,0
1610490915.8095639,0,0,-1,0
1610490915.819566,0,0,-1,0
1610490915.829567,0,0,-1,0
1610490915.8395684,0,0,-1,0
1610490915.8495698,0,0,-1,0
1610490915.8595724,0,0,-1,0
1610490915.8695755,0,0,-1,0
1610490915.8795755,0,0,-1,0
1610490915.8895762,0,0,-1,0
1610490915.8995783,0,0,-1,0
1610490915.9095786,0,0,-1,0
1610490915.9195807,0,0,-1,0
1610490915.929583,0,0,-1,0
1610490915.9395854,0,0,-1,0
1610490915.9495857,0,0,-1,0
1610490915.959587,0,0,-1,0
1610490915.9695902,0,0,-1,0
1610490915.979592,0,0,-1,0
1610490915.9895926,0,0,-1,0
1610490915.9995947,0,0,-1,0
1610490916.0095952,0,0,-1,0
1610490916.0195968,0,0,-1,0
1610490916.0295982,0,0,-1,0
1610490916.0396,0,0,-1,0
1610490916.0496025,0,0,-1,0
1610490916.0596046,0,0,-1,0
1610490916.0696054,0,0,-1,0
1610490916.0796077,0,0,-1,0
1610490916.0896094,0,0,-1,0
1610490916.0996122,0,0,-1,0
1610490916.1096125,0,0,-1,0
1610490916.1196134,0,0,-1,0
1610490916.1296155,0,0,-1,0
1610490916.1396165,0,0,-1,0
1610490916.149617,0,0,-1,0
1610490916.1596193,0,0,-1,0
1610490916.1696198,0,0,-1,0
1610490916.1796227,0,0,-1,0
1610490916.189623,0,0,-1,0
1610490916.1996236,0,0,-1,0
1610490916.2096255,0,0,-1,0
1610490916.219627,0,0,-1,0
1610490916.229628,0,0,-1,0
1610490916.2396302,0,0,-1,0
1610490916.2496326,0,0,-1,0
1610490916.2596352,0,0,-1,0
1610490916.2696376,0,0,-1,0
1610490916.2796378,0,0,-1,0
1610490916.2896404,0,0,-1,0
1610490916.299643,0,0,-1,0
1610490916.309646,0,0,-1,0
1610490916.3196473,0,0,-1,0
1610490916.3296485,0,0,-1,0
1610490916.3396504,0,0,-1,0
1610490916.3496525,0,0,-1,0
1610490916.3596544,0,0,-1,0
1610490916.369656,0,0,-1,0
1610490916.3796756,0,0,-1,0
1610490916.389676,0,0,-1,0
1610490916.399678,0,0,-1,0
1610490916.4096794,0,0,-1,0
1610490916.4196813,0,0,-1,0
1610490916.4296832,0,0,-1,0
1610490916.4396853,0,0,-1,0
1610490916.4496868,0,0,-1,0
1610490916.4596891,0,0,-1,0
1610490916.4696906,0,0,-1,0
1610490916.4796913,0,0,-1,0
1610490916.489693,0,0,-1,0
1610490916.499694,0,0,-1,0
1610490916.5096958,0,0,-1,0
1610490916.5196962,0,0,-1,0
1610490916.5296986,0,0,-1,0
1610490916.5396998,0,0,-1,0
1610490916.549701,0,0,-1,0
1610490916.5597017,0,0,-1,0
1610490916.5697036,0,0,-1,0
1610490916.579705,0,0,-1,0
1610490916.5897067,0,0,-1,0
1610490916.5997074,0,0,-1,0
1610490916.6097097,0,0,-1,0
1610490916.61971,0,0,-1,0
1610490916.6297119,0,0,-1,0
1610490916.6397138,0,0,-1,0
1610490916.6497142,0,0,-1,0
1610490916.6597147,0,0,-1,0
1610490916.6697166,0,0,-1,0
1610490916.6797173,0,0,-1,0
1610490916.6897187,0,0,-1,0
1610490916.6997218,0,0,-1,0
1610490916.7097237,0,0,-1,0
1610490916.7197263,0,0,-1,0
1610490916.7297285,0,0,-1,0
1610490916.7397313,0,0,-1,0
1610490916.749734,0,0,-1,0
1610490916.7597356,0,0,-1,0
1610490916.7697387,0,0,-1,0
1610490916.7797415,0,0,-1,0
1610490916.7897437,0,0,-1,0
1610490916.7997444,0,0,-1,0
1610490916.809747,0,0,-1,0
1610490916.8197482,0,0,-1,0
1610490916.8297505,0,0,-1,0
1610490916.8397527,0,0,-1,0
1610490916.8497531,0,0,-1,0
1610490916.8597534,0,0,-1,0
1610490916.869755,0,0,-1,0
1610490916.8797565,0,0,-1,0
1610490916.8897583,0,0,-1,0
1610490916.8997605,0,0,-1,0
1610490916.9097624,0,0,-1,0
1610490916.919765,0,0,-1,0
1610490916.9297674,0,0,-1,0
1610490916.9397686,0,0,-1,0
1610490916.9497695,0,0,-1,0
1610490916.9597714,0,0,-1,0
1610490916.969773,0,0,-1,0
1610490916.9797735,0,0,-1,0
1610490916.989775,0,0,-1,0
1610490916.9997773,0,0,-1,0
1610490917.0097787,0,0,-1,0
1610490917.0197809,0,0,-1,0
1610490917.0297818,0,0,-1,0
1610490917.0397823,0,0,-1,0
1610490917.049785,0,0,-1,0
1610490917.059786,0,0,-1,0
1610490917.069789,0,0,-1,0
1610490917.0797908,0,0,-1,0
1610490917.089793,0,0,-1,0
1610490917.099794,0,0,-1,0
1610490917.1097944,0,0,-1,0
1610490917.1197963,0,0,-1,0
1610490917.1297977,0,0,-1,0
1610490917.1397994,0,0,-1,0
1610490917.149802,0,0,-1,0
1610490917.159803,0,0,-1,0
1610490917.1698048,0,0,-1,0
1610490917.1798053,0,0,-1,0
1610490917.1898074,0,0,-1,0
1610490917.1998084,0,0,-1,0
1610490917.2098107,0,0,-1,0
1610490917.2198126,0,0,-1,0
1610490917.2298145,0,0,-1,0
1610490917.239816,0,0,-1,0
1610490917.2498183,0,0,-1,0
1610490917.2598197,0,0,-1,0
1610490917.2698216,0,0,-1,0
1610490917.279824,0,0,-1,0
1610490917.2898245,0,0,-1,0
1610490917.2998269,0,0,-1,0
1610490917.3098295,0,0,-1,0
1610490917.3198323,0,0,-1,0
1610490917.3298337,0,0,-1,0
1610490917.339836,0,0,-1,0
1610490917.3498383,0,0,-1,0
1610490917.3598409,0,0,-1,0
1610490917.3698418,0,0,-1,0
1610490917.379844,0,0,-1,0
1610490917.3898451,0,0,-1,0
1610490917.3998477,0,0,-1,0
1610490917.4098506,0,0,-1,0
1610490917.419852,0,0,-1,0
1610490917.4298532,0,0,-1,0
1610490917.4398546,0,0,-1,0
1610490917.4498563,0,0,-1,0
1610490917.4598572,0,0,-1,0
1610490917.4698594,0,0,-1,0
1610490917.4798615,0,0,-1,0
1610490917.4898639,0,0,-1,0
1610490917.4998653,0,0,-1,0
1610490917.509866,0,0,-1,0
1610490917.5198681,0,0,-1,0
1610490917.5298686,0,0,-1,0
1610490917.5398703,0,0,-1,0
1610490917.549873,0,0,-1,0
1610490917.5598736,0,0,-1,0
1610490917.5698755,0,0,-1,0
1610490917.579876,0,0,-1,0
1610490917.5898786,0,0,-1,0
1610490917.5998816,0,0,-1,0
1610490917.609882,0,0,-1,0
1610490917.6198847,0,0,-1,0
1610490917.629886,0,0,-1,0
1610490917.639888,0,0,-1,0
1610490917.6498904,0,0,-1,0
1610490917.6598923,0,0,-1,0
1610490917.6698928,0,0,-1,0
1610490917.6799147,0,0,-1,0
1610490917.6899164,0,0,-1,0
1610490917.6999357,0,0,-1,0
1610490917.7099373,0,0,-1,0
1610490917.7199378,0,0,-1,0
1610490917.7299383,0,0,-1,0
1610490917.739944,0,0,-1,0
1610490917.7499459,0,0,-1,0
1610490917.7599478,0,0,-1,0
1610490917.7699494,0,0,-1,0
1610490917.7799504,0,0,-1,0
1610490917.7899532,0,0,-1,0
1610490917.7999556,0,0,-1,0
1610490917.8099582,0,0,-1,0
1610490917.8199596,0,0,-1,0
1610490917.8299615,0,0,-1,0
1610490917.8399627,0,0,-1,0
1610490917.849965,0,0,-1,0
1610490917.8599668,0,0,-1,0
1610490917.8699691,0,0,-1,0
1610490917.8799715,0,0,-1,0
1610490917.8899739,0,0,-1,0
1610490917.8999767,0,0,-1,0
1610490917.9099782,0,0,-1,0
1610490917.9199805,0,0,-1,0
1610490917.9299824,0,0,-1,0
1610490917.9399836,0,0,-1,0
1610490917.9499853,0,0,-1,0
1610490917.9599864,0,0,-1,0
1610490917.9699876,0,0,-1,0
1610490917.9799905,0,0,-1,0
1610490917.9899924,0,0,-1,0
1610490917.9999945,0,0,-1,0
1610490918.0099957,0,0,-1,0
1610490918.0199978,0,0,-1,0
1610490918.0299997,0,0,-1,0
1610490918.0400002,0,0,-1,0
1610490918.0500016,0,0,-1,0
1610490918.0600028,0,0,-1,0
1610490918.0700045,0,0,-1,0
1610490918.0800056,0,0,-1,0
1610490918.0900068,0,0,-1,0
1610490918.1000087,0,0,-1,0
1610490918.1100097,0,0,-1,0
1610490918.120011,0,0,-1,0
1610490918.1300135,0,0,-1,0
1610490918.1400154,0,0,-1,0
1610490918.1500168,0,0,-1,0
1610490918.1600173,0,0,-1,0
1610490918.1700199,0,0,-1,0
1610490918.1800225,0,0,-1,0
1610490918.1900232,0,0,-1,0
1610490918.2000253,0,0,-1,0
1610490918.2100265,0,0,-1,0
1610490918.2200272,0,0,-1,0
1610490918.2300293,0,0,-1,0
1610490918.2400315,0,0,-1,0
1610490918.250032,0,0,-1,0
1610490918.2600346,0,0,-1,0
1610490918.2700348,0,0,-1,0
1610490918.2800372,0,0,-1,0
1610490918.2900388,0,0,-1,0
1610490918.3000407,0,0,-1,0
1610490918.310043,0,0,-1,0
1610490918.3200438,0,0,-1,0
1610490918.3300445,0,0,-1,0
1610490918.340046,0,0,-1,0
1610490918.3500476,0,0,-1,0
1610490918.3600492,0,0,-1,0
1610490918.3700519,0,0,-1,0
1610490918.3800545,0,0,-1,0
1610490918.3900568,0,0,-1,0
1610490918.400058,0,0,-1,0
1610490918.4100595,0,0,-1,0
1610490918.4200616,0,0,-1,0
1610490918.430062,0,0,-1,0
1610490918.4400637,0,0,-1,0
1610490918.4500642,0,0,-1,0
1610490918.4600666,0,0,-1,0
1610490918.4700668,0,0,-1,0
1610490918.4800675,0,0,-1,0
1610490918.4900684,0,0,-1,0
1610490918.500069,0,0,-1,0
1610490918.5100708,0,0,-1,0
1610490918.5200715,0,0,-1,0
1610490918.5300736,0,0,-1,0
1610490918.5400753,0,0,-1,0
1610490918.550077,0,0,-1,0
1610490918.5600796,0,0,-1,0
1610490918.5700798,0,0,-1,0
1610490918.5800807,0,0,-1,0
1610490918.5900817,0,0,-1,0
1610490918.6000843,0,0,-1,0
1610490918.6100862,0,0,-1,0
1610490918.6200876,0,0,-1,0
1610490918.6300902,0,0,-1,0
1610490918.6400917,0,0,-1,0
1610490918.6500936,0,0,-1,0
1610490918.6600955,0,0,-1,0
1610490918.6700974,0,0,-1,0
1610490918.6800992,0,0,-1,0
1610490918.6901007,0,0,-1,0
1610490918.7001014,0,0,-1,0
1610490918.7101033,0,0,-1,0
1610490918.7201056,0,0,-1,0
1610490918.7301085,0,0,-1,0
1610490918.7401106,0,0,-1,0
1610490918.7501113,0,0,-1,0
1610490918.760112,0,0,-1,0
1610490918.7701147,0,0,-1,0
1610490918.780116,0,0,-1,0
1610490918.7901192,0,0,-1,0
1610490918.8001208,0,0,-1,0
1610490918.8101227,0,0,-1,0
1610490918.820125,0,0,-1,0
1610490918.830127,0,0,-1,0
1610490918.8401277,0,0,-1,0
1610490918.8501287,0,0,-1,0
1610490918.8601313,0,0,-1,0
1610490918.8701339,0,0,-1,0
1610490918.8801367,0,0,-1,0
1610490918.890138,0,0,-1,0
1610490918.9001403,0,0,-1,0
1610490918.9101405,0,0,-1,0
1610490918.9201422,0,0,-1,0
1610490918.9301436,0,0,-1,0
1610490918.940144,0,0,-1,0
1610490918.9501457,0,0,-1,0
1610490918.960147,0,0,-1,0
1610490918.9701495,0,0,-1,0
1610490918.980151,0,0,-1,0
1610490918.9901521,0,0,-1,0
1610490919.0001526,0,0,-1,0
1610490919.010155,0,0,-1,0
1610490919.0201573,0,0,-1,0
1610490919.030158,0,0,-1,0
1610490919.0401585,0,0,-1,0
1610490919.0501587,0,0,-1,0
1610490919.060159,0,0,-1,0
1610490919.0701606,0,0,-1,0
1610490919.0801613,0,0,-1,0
1610490919.0901632,0,0,-1,0
1610490919.1001647,0,0,-1,0
1610490919.1101665,0,0,-1,0
1610490919.120169,0,0,-1,0
1610490919.130171,0,0,-1,0
1610490919.1401715,0,0,-1,0
1610490919.1501727,0,0,-1,0
1610490919.1601748,0,0,-1,0
1610490919.170176,0,0,-1,0
1610490919.1801777,0,0,-1,0
1610490919.1901796,0,0,-1,0
1610490919.200182,0,0,-1,0
1610490919.2101824,0,0,-1,0
1610490919.2201853,0,0,-1,0
1610490919.2301867,0,0,-1,0
1610490919.240189,0,0,-1,0
1610490919.2501895,0,0,-1,0
1610490919.260192,0,0,-1,0
1610490919.2701948,0,0,-1,0
1610490919.2801976,0,0,-1,0
1610490919.2901998,0,0,-1,0
1610490919.3002017,0,0,-1,0
1610490919.3102033,0,0,-1,0
1610490919.3202038,0,0,-1,0
1610490919.3302054,0,0,-1,0
1610490919.340206,0,0,-1,0
1610490919.3502076,0,0,-1,0
1610490919.36021,0,0,-1,0
1610490919.3702126,0,0,-1,0
1610490919.3802135,0,0,-1,0
1610490919.390216,0,0,-1,0
1610490919.4002173,0,0,-1,0
1610490919.4102197,0,0,-1,0
1610490919.4202225,0,0,-1,0
1610490919.4302227,0,0,-1,0
1610490919.4402237,0,0,-1,0
1610490919.4502254,0,0,-1,0
1610490919.460226,0,0,-1,0
1610490919.4702275,0,0,-1,0
1610490919.4802284,0,0,-1,0
1610490919.4902291,0,0,-1,0
1610490919.5002313,0,0,-1,0
1610490919.5102339,0,0,-1,0
1610490919.5202365,0,0,-1,0
1610490919.530237,0,0,-1,0
1610490919.5402398,0,0,-1,0
1610490919.5502422,0,0,-1,0
1610490919.560244,0,0,-1,0
1610490919.570244,0,0,-1,0
1610490919.580245,0,0,-1,0
1610490919.5902472,0,0,-1,0
1610490919.6002486,0,0,-1,0
1610490919.6102498,0,0,-1,0
1610490919.620252,0,0,-1,0
1610490919.6302526,0,0,-1,0
1610490919.640253,0,0,-1,0
1610490919.6502542,0,0,-1,0
1610490919.660257,0,0,-1,0
1610490919.6702588,0,0,-1,0
1610490919.6802614,0,0,-1,0
1610490919.690262,0,0,-1,0
1610490919.7002633,0,0,-1,0
1610490919.7102654,0,0,-1,0
1610490919.7202673,0,0,-1,0
1610490919.7302682,0,0,-1,0
1610490919.740269,0,0,-1,0
1610490919.7502701,0,0,-1,0
1610490919.760273,0,0,-1,0
1610490919.770275,0,0,-1,0
1610490919.780276,0,0,-1,0
1610490919.7902784,0,0,-1,0
1610490919.8002791,0,0,-1,0
1610490919.8102813,0,0,-1,0
1610490919.8202832,0,0,-1,0
1610490919.8302846,0,0,-1,0
1610490919.8402853,0,0,-1,0
1610490919.8502855,0,0,-1,0
1610490919.860287,0,0,-1,0
1610490919.8702874,0,0,-1,0
1610490919.8802903,0,0,-1,0
1610490919.8902926,0,0,-1,0
1610490919.9002938,0,0,-1,0
1610490919.9102943,0,0,-1,0
1610490919.920297,0,0,-1,0
1610490919.9303,0,0,-1,0
1610490919.9403028,0,0,-1,0
1610490919.9503047,0,0,-1,0
1610490919.9603055,0,0,-1,0
1610490919.9703066,0,0,-1,0
1610490919.9803078,0,0,-1,0
1610490919.9903088,0,0,-1,0
1610490920.0003092,0,0,-1,0
1610490920.0103104,0,0,-1,0
1610490920.020311,0,0,-1,0
1610490920.0303133,0,0,-1,0
1610490920.0403154,0,0,-1,0
1610490920.0503175,0,0,-1,0
1610490920.060319,0,0,-1,0
1610490920.0703201,0,0,-1,0
1610490920.080322,0,0,-1,0
1610490920.0903234,0,0,-1,0
1610490920.1003246,0,0,-1,0
1610490920.1103272,0,0,-1,0
1610490920.1203296,0,0,-1,0
1610490920.130331,0,0,-1,0
1610490920.140332,0,0,-1,0
1610490920.1503344,0,0,-1,0
1610490920.1603365,0,0,-1,0
1610490920.1703389,0,0,-1,0
1610490920.1803408,0,0,-1,0
1610490920.1903427,0,0,-1,0
1610490920.2003431,0,0,-1,0
1610490920.2103462,0,0,-1,0
1610490920.2203474,0,0,-1,0
1610490920.2303495,0,0,-1,0
1610490920.2403507,0,0,-1,0
1610490920.2503512,0,0,-1,0
1610490920.2603526,0,0,-1,0
1610490920.2703543,0,0,-1,0
1610490920.2803562,0,0,-1,0
1610490920.290359,0,0,-1,0
1610490920.3003602,0,0,-1,0
1610490920.3103607,0,0,-1,0
1610490920.3203633,0,0,-1,0
1610490920.330365,0,0,-1,0
1610490920.3403668,0,0,-1,0
1610490920.3503673,0,0,-1,0
1610490920.3603678,0,0,-1,0
1610490920.370369,0,0,-1,0
1610490920.3803697,0,0,-1,0
1610490920.3903716,0,0,-1,0
1610490920.400374,0,0,-1,0
1610490920.410375,0,0,-1,0
1610490920.4203756,0,0,-1,0
1610490920.4303768,0,0,-1,0
1610490920.440378,0,0,-1,0
1610490920.4503798,0,0,-1,0
1610490920.4603813,0,0,-1,0
1610490920.4703832,0,0,-1,0
1610490920.4803855,0,0,-1,0
1610490920.4903877,0,0,-1,0
1610490920.5003903,0,0,-1,0
1610490920.510391,0,0,-1,0
1610490920.5203934,0,0,-1,0
1610490920.530394,0,0,-1,0
1610490920.5403957,0,0,-1,0
1610490920.5503974,0,0,-1,0
1610490920.5604,0,0,-1,0
1610490920.5704026,0,0,-1,0
1610490920.5804029,0,0,-1,0
1610490920.5904055,0,0,-1,0
1610490920.600406,0,0,-1,0
1610490920.6104074,0,0,-1,0
1610490920.6204078,0,0,-1,0
1610490920.6304097,0,0,-1,0
1610490920.6404116,0,0,-1,0
1610490920.6504142,0,0,-1,0
1610490920.660415,0,0,-1,0
1610490920.6704175,0,0,-1,0
1610490920.68042,0,0,-1,0
1610490920.6904223,0,0,-1,0
1610490920.7004247,0,0,-1,0
1610490920.7104263,0,0,-1,0
1610490920.7204268,0,0,-1,0
1610490920.7304287,0,0,-1,0
1610490920.7404296,0,0,-1,0
1610490920.7504325,0,0,-1,0
1610490920.7604349,0,0,-1,0
1610490920.770438,0,0,-1,0
1610490920.7804382,0,0,-1,0
1610490920.7904408,0,0,-1,0
1610490920.8004417,0,0,-1,0
1610490920.8104444,0,0,-1,0
1610490920.8204465,0,0,-1,0
1610490920.8304472,0,0,-1,0
1610490920.8404498,0,0,-1,0
1610490920.8504512,0,0,-1,0
1610490920.860453,0,0,-1,0
1610490920.870455,0,0,-1,0
1610490920.8804564,0,0,-1,0
1610490920.8904586,0,0,-1,0
1610490920.9004602,0,0,-1,0
1610490920.9104612,0,0,-1,0
1610490920.9204628,0,0,-1,0
1610490920.9304638,0,0,-1,0
1610490920.9404655,0,0,-1,0
1610490920.950468,0,0,-1,0
1610490920.960469,0,0,-1,0
1610490920.970471,0,0,-1,0
1610490920.9804716,0,0,-1,0
1610490920.9904737,0,0,-1,0
1610490921.000475,0,0,-1,0
1610490921.0104752,0,0,-1,0
1610490921.0204756,0,0,-1,0
1610490921.0304766,0,0,-1,0
1610490921.0404773,0,0,-1,0
1610490921.0504792,0,0,-1,0
1610490921.0604813,0,0,-1,0
1610490921.070482,0,0,-1,0
1610490921.0804846,0,0,-1,0
1610490921.0904877,0,0,-1,0
1610490921.1004903,0,0,-1,0
1610490921.1104908,0,0,-1,0
1610490921.120491,0,0,-1,0
1610490921.1304934,0,0,-1,0
1610490921.140494,0,0,-1,0
1610490921.150495,0,0,-1,0
1610490921.1604972,0,0,-1,0
1610490921.1704986,0,0,-1,0
1610490921.1804988,0,0,-1,0
1610490921.1905012,0,0,-1,0
1610490921.2005033,0,0,-1,0
1610490921.210505,0,0,-1,0
1610490921.2205064,0,0,-1,0
1610490921.230507,0,0,-1,0
1610490921.2405074,0,0,-1,0
1610490921.2505095,0,0,-1,0
1610490921.2605107,0,0,-1,0
1610490921.2705116,0,0,-1,0
1610490921.280513,0,0,-1,0
1610490921.2905138,0,0,-1,0
1610490921.3005157,0,0,-1,0
1610490921.3105166,0,0,-1,0
1610490921.3205175,0,0,-1,0
1610490921.3305204,0,0,-1,0
1610490921.3405228,0,0,-1,0
1610490921.350524,0,0,-1,0
1610490921.3605251,0,0,-1,0
1610490921.3705277,0,0,-1,0
1610490921.380529,0,0,-1,0
1610490921.3905313,0,0,-1,0
1610490921.400533,0,0,-1,0
1610490921.4105344,0,0,-1,0
1610490921.4205346,0,0,-1,0
1610490921.4305367,0,0,-1,0
1610490921.4405375,0,0,-1,0
1610490921.4505405,0,0,-1,0
1610490921.460541,0,0,-1,0
1610490921.470541,0,0,-1,0
1610490921.4805439,0,0,-1,0
1610490921.490545,0,0,-1,0
1610490921.5005476,0,0,-1,0
1610490921.5105498,0,0,-1,0
1610490921.5205522,0,0,-1,0
1610490921.5305543,0,0,-1,0
1610490921.5405545,0,0,-1,0
1610490921.5505552,0,0,-1,0
1610490921.5605562,0,0,-1,0
1610490921.5705588,0,0,-1,0
1610490921.5805604,0,0,-1,0
1610490921.590563,0,0,-1,0
1610490921.6005642,0,0,-1,0
1610490921.6105647,0,0,-1,0
1610490921.620567,0,0,-1,0
1610490921.6305678,0,0,-1,0
1610490921.6405706,0,0,-1,0
1610490921.650572,0,0,-1,0
1610490921.660573,0,0,-1,0
1610490921.670576,0,0,-1,0
1610490921.680578,0,0,-1,0
1610490921.6905801,0,0,-1,0
1610490921.700582,0,0,-1,0
1610490921.7105823,0,0,-1,0
1610490921.7205837,0,0,-1,0
1610490921.730586,0,0,-1,0
1610490921.7405884,0,0,-1,0
1610490921.7505894,0,0,-1,0
1610490921.7605922,0,0,-1,0
1610490921.7705946,0,0,-1,0
1610490921.780597,0,0,-1,0
1610490921.7905986,0,0,-1,0
1610490921.8006008,0,0,-1,0
1610490921.810602,0,0,-1,0
1610490921.8206024,0,0,-1,0
1610490921.8306055,0,0,-1,0
1610490921.8406067,0,0,-1,0
1610490921.8506076,0,0,-1,0
1610490921.8606088,0,0,-1,0
1610490921.8706095,0,0,-1,0
1610490921.8806117,0,0,-1,0
1610490921.8906128,0,0,-1,0
1610490921.900616,0,0,-1,0
1610490921.9106169,0,0,-1,0
1610490921.9206195,0,0,-1,0
1610490921.9306202,0,0,-1,0
1610490921.9406228,0,0,-1,0
1610490921.9506254,0,0,-1,0
1610490921.960626,0,0,-1,0
1610490921.970629,0,0,-1,0
1610490921.9806302,0,0,-1,0
1610490921.9906316,0,0,-1,0
1610490922.0006328,0,0,-1,0
1610490922.0106335,0,0,-1,0
1610490922.0206356,0,0,-1,0
1610490922.030638,0,0,-1,0
1610490922.0406394,0,0,-1,0
1610490922.0506413,0,0,-1,0
1610490922.0606413,0,0,-1,0
1610490922.0706418,0,0,-1,0
1610490922.0806425,0,0,-1,0
1610490922.090644,0,0,-1,0
1610490922.1006446,0,0,-1,0
1610490922.1106458,0,0,-1,0
1610490922.1206474,0,0,-1,0
1610490922.13065,0,0,-1,0
1610490922.140651,0,0,-1,0
1610490922.1506538,0,0,-1,0
1610490922.1606548,0,0,-1,0
1610490922.1706562,0,0,-1,0
1610490922.180657,0,0,-1,0
1610490922.190658,0,0,-1,0
1610490922.2006605,0,0,-1,0
1610490922.210661,0,0,-1,0
1610490922.2206614,0,0,-1,0
1610490922.230662,0,0,-1,0
1610490922.2406635,0,0,-1,0
1610490922.2506661,0,0,-1,0
1610490922.2606685,0,0,-1,0
1610490922.2706714,0,0,-1,0
1610490922.280672,0,0,-1,0
1610490922.2906737,0,0,-1,0
1610490922.3006766,0,0,-1,0
1610490922.3106792,0,0,-1,0
1610490922.3206804,0,0,-1,0
1610490922.330683,0,0,-1,0
1610490922.3406842,0,0,-1,0
1610490922.3506851,0,0,-1,0
1610490922.3606877,0,0,-1,0
1610490922.3706887,0,0,-1,0
1610490922.3806894,0,0,-1,0
1610490922.390692,0,0,-1,0
1610490922.4006937,0,0,-1,0
1610490922.410695,0,0,-1,0
1610490922.420698,0,0,-1,0
1610490922.4307005,0,0,-1,0
1610490922.4407022,0,0,-1,0
1610490922.4507024,0,0,-1,0
1610490922.460703,0,0,-1,0
1610490922.470704,0,0,-1,0
1610490922.4807065,0,0,-1,0
1610490922.4907076,0,0,-1,0
1610490922.5007083,0,0,-1,0
1610490922.5107098,0,0,-1,0
1610490922.5207114,0,0,-1,0
1610490922.530712,0,0,-1,0
1610490922.5407147,0,0,-1,0
1610490922.5507166,0,0,-1,0
1610490922.5607188,0,0,-1,0
1610490922.5707214,0,0,-1,0
1610490922.580723,0,0,-1,0
1610490922.5907252,0,0,-1,0
1610490922.6007254,0,0,-1,0
1610490922.6107268,0,0,-1,0
1610490922.6207273,0,0,-1,0
1610490922.63073,0,0,-1,0
1610490922.6407387,0,0,-1,0
1610490922.6507413,0,0,-1,0
1610490922.6607428,0,0,-1,0
1610490922.6707451,0,0,-1,0
1610490922.6807466,0,0,-1,0
1610490922.6907475,69,361,-1,0
1610490922.7007477,111,345,-1,0
1610490922.7107491,147,333,-1,0
1610490922.7207496,197,313,-1,0
1610490922.7307513,267,281,-1,0
1610490922.740752,291,265,-1,0
1610490922.7507527,317,253,-1,0
1610490922.7607555,337,243,-1,0
1610490922.7707558,355,227,-1,0
1610490922.7807565,361,223,-1,0
1610490922.7907581,365,222,-1,0
1610490922.8007598,369,218,-1,0
1610490922.810761,369,218,-1,0
1610490922.8207629,369,218,-1,0
1610490922.8307636,369,218,-1,0
1610490922.840766,369,218,-1,0
1610490922.8507667,372,216,-1,0
1610490922.8607686,381,213,-1,0
1610490922.8707693,386,208,-1,0
1610490922.8807702,387,203,-1,0
1610490922.8907728,391,199,-1,0
1610490922.9007757,391,195,-1,0
1610490922.910777,396,190,-1,0
1610490922.9207783,407,182,-1,0
1610490922.9307804,432,170,-1,0
1610490922.9407823,448,162,-1,0
1610490922.950784,464,151,-1,0
1610490922.9607847,471,146,-1,0
1610490922.970787,473,146,-1,0
1610490922.980788,473,146,-1,0
1610490922.99079,474,146,-1,0
1610490923.000792,474,146,-1,0
1610490923.010794,474,146,-1,0
1610490923.0207956,474,146,-1,0
1610490923.0307965,474,146,-1,0
1610490923.0407991,474,146,-1,0
1610490923.0508003,475,147,-1,0
1610490923.0608008,475,150,-1,0
1610490923.0708039,480,154,-1,0
1610490923.0808048,484,155,-1,0
1610490923.090807,491,163,-1,0
1610490923.1008084,491,163,-1,0
1610490923.1108086,491,163,-1,0
1610490923.1208107,491,163,-1,0
1610490923.1308131,491,163,-1,0
1610490923.1408138,491,163,-1,0
1610490923.1508162,491,163,-1,0
1610490923.1608193,491,163,-1,0
1610490923.1708207,491,163,-1,0
1610490923.1808214,491,163,-1,0
1610490923.190823,491,163,-1,0
1610490923.200824,491,163,-1,0
1610490923.2108264,491,163,-1,0
1610490923.2208269,491,163,-1,0
1610490923.2308285,491,163,-1,0
1610490923.2408302,491,163,-1,0
1610490923.2508316,491,163,-1,0
1610490923.2608335,491,163,-1,0
1610490923.2708347,491,163,-1,0
1610490923.2808354,491,163,-1,0
1610490923.2908378,491,163,-1,0
1610490923.3008406,491,163,-1,0
1610490923.3108423,491,163,-1,0
1610490923.3208427,491,163,-1,0
1610490923.3308444,491,163,-1,0
1610490923.3408463,491,163,-1,0
1610490923.350847,491,163,-1,0
1610490923.3608475,491,163,-1,0
1610490923.3708482,491,163,-1,0
1610490923.3808498,491,163,-1,0
1610490923.3908515,491,163,-1,0
1610490923.4008543,491,163,-1,0
1610490923.4108558,491,163,-1,0
1610490923.4208567,491,163,-1,0
1610490923.4308596,491,163,-1,0
1610490923.440862,489,162,-1,0
1610490923.4508626,485,160,-1,0
1610490923.4608653,482,158,-1,0
1610490923.4708679,479,156,-1,0
1610490923.480869,473,152,-1,0
1610490923.490869,462,146,-1,0
1610490923.50087,455,141,-1,0
1610490923.510872,450,139,-1,0
1610490923.5208738,443,137,-1,0
1610490923.530876,436,129,-1,0
1610490923.540878,430,127,-1,0
1610490923.550879,424,123,9,0
1610490923.5608819,420,121,9,0
1610490923.5708828,414,116,9,0
1610490923.5808845,411,114,9,0
1610490923.5908847,408,112,9,0
1610490923.6008868,407,110,9,0
1610490923.6108878,404,109,9,0
1610490923.6208909,402,105,9,0
1610490923.6308928,402,105,9,0
1610490923.6408937,402,105,9,0
1610490923.6508954,402,105,9,0
1610490923.6608975,402,105,9,0
1610490923.670899,401,104,9,0
1610490923.6808999,401,104,9,0
1610490923.6909008,399,102,9,0
1610490923.7009032,399,102,9,0
1610490923.7109036,399,102,9,0
1610490923.7209046,399,102,9,0
1610490923.730906,399,102,9,0
1610490923.7409072,399,102,9,0
1610490923.75091,399,102,9,0
1610490923.7609115,399,102,9,0
1610490923.7709117,399,102,9,0
1610490923.7809134,399,102,9,0
1610490923.790915,399,102,9,0
1610490923.8009152,399,102,9,0
1610490923.8109171,399,102,9,0
1610490923.820918,399,102,9,0
1610490923.8309186,399,102,9,0
1610490923.8409212,399,102,9,0
1610490923.8509228,399,102,9,0
1610490923.860925,399,102,9,0
1610490923.8709269,399,102,9,0
1610490923.8809273,399,102,9,0
1610490923.890929,399,102,9,0
1610490923.9009316,399,102,9,0
1610490923.9109318,399,102,9,0
1610490923.9209325,399,102,9,0
1610490923.930933,399,102,9,0
1610490923.9409354,399,102,9,0
1610490923.9509377,399,102,9,0
1610490923.9609394,399,102,9,0
1610490923.97094,399,102,9,0
1610490923.9809413,399,102,9,0
1610490923.9909432,399,102,9,0
1610490924.0009458,399,102,9,0
1610490924.0109482,399,102,9,0
1610490924.020949,399,102,9,0
1610490924.0309515,399,102,9,0
1610490924.0409544,399,102,9,0
1610490924.0509548,399,102,9,0
1610490924.060956,399,102,9,0
1610490924.070958,399,102,9,0
1610490924.0809603,399,102,9,0
1610490924.0909607,399,102,9,0
1610490924.1009626,399,102,9,0
1610490924.1109638,399,102,9,0
1610490924.1209662,399,102,9,0
1610490924.1309674,399,102,9,0
1610490924.1409688,399,102,9,0
1610490924.1509712,399,102,9,0
1610490924.160972,399,102,9,0
1610490924.1709745,399,102,9,0
1610490924.1809752,399,102,9,0
1610490924.1909773,399,102,9,0
1610490924.2009778,399,102,9,0
1610490924.210979,399,102,9,0
1610490924.2209804,399,102,9,0
1610490924.230982,399,102,9,0
1610490924.2409835,399,102,9,0
1610490924.2509854,399,102,9,0
1610490924.260986,399,102,9,0
1610490924.270988,399,102,9,0
1610490924.2809885,399,102,9,0
1610490924.29099,399,102,9,0
1610490924.3009918,399,102,9,0
1610490924.3109925,399,102,9,0
1610490924.3209934,399,102,9,0
1610490924.3309941,399,102,9,0
1610490924.3409972,399,102,9,0
1610490924.3509996,399,102,9,0
1610490924.361001,399,102,9,0
1610490924.3710034,399,102,9,0
1610490924.3810039,399,102,9,0
1610490924.3910055,399,102,9,0
1610490924.4010072,399,102,9,0
1610490924.4110084,399,102,9,0
1610490924.4210107,399,102,9,0
1610490924.4310133,399,102,9,0
1610490924.4410157,399,102,9,0
1610490924.451017,399,101,9,0
1610490924.461019,400,99,9,0
1610490924.4710195,400,96,9,0
1610490924.4810214,402,90,9,0
1610490924.491024,402,89,9,0
1610490924.5010262,404,85,9,0
1610490924.5110269,405,84,9,0
1610490924.5210295,407,80,9,0
1610490924.5310323,409,78,9,0
1610490924.5410342,410,75,9,0
1610490924.5510364,411,74,9,0
1610490924.5610378,413,71,9,0
1610490924.5710387,415,69,9,0
1610490924.5810413,417,66,9,0
1610490924.591043,419,64,9,0
1610490924.6010435,423,61,9,0
1610490924.6110446,425,59,9,0
1610490924.6210465,428,58,9,0
1610490924.631048,430,56,9,0
1610490924.6410487,433,53,9,0
1610490924.651051,436,50,9,0
1610490924.6610525,438,50,9,0
1610490924.671055,439,49,9,0
1610490924.6810565,440,47,9,0
1610490924.6910582,440,47,9,0
1610490924.7010598,441,46,9,0
1610490924.7110627,442,45,9,0
1610490924.7210627,443,45,9,0
1610490924.731064,444,44,9,0
1610490924.7410648,444,44,9,0
1610490924.7510667,445,43,-1,0
1610490924.7610695,449,42,-1,0
1610490924.771072,450,41,-1,0
1610490924.781073,451,40,-1,0
1610490924.791074,452,39,-1,0
1610490924.8010747,454,37,-1,0
1610490924.8110764,455,36,-1,0
1610490924.821078,457,34,-1,0
1610490924.8310788,458,33,-1,0
1610490924.8410795,461,31,-1,0
1610490924.8510814,463,29,-1,0
1610490924.8610818,465,28,-1,0
1610490924.8710835,466,27,-1,0
1610490924.881086,468,24,-1,0
1610490924.891089,469,23,-1,0
1610490924.9010892,469,23,-1,0
1610490924.911092,471,21,-1,0
1610490924.9210947,471,21,-1,0
1610490924.9310958,472,20,-1,0
1610490924.941097,472,20,-1,0
1610490924.9510996,473,19,-1,0
1610490924.9611013,474,18,-1,0
1610490924.9711022,477,15,-1,0
1610490924.9811044,477,15,-1,0
1610490924.991106,478,14,-1,0
1610490925.0011077,479,13,-1,0
1610490925.0111098,480,12,-1,0
1610490925.0211105,481,10,-1,0
1610490925.0311112,481,10,-1,0
1610490925.0411127,483,8,-1,0
1610490925.0511134,485,6,-1,0
1610490925.061116,486,5,-1,0
1610490925.0711186,486,5,-1,0
1610490925.0811205,487,3,-1,0
1610490925.0911222,489,1,-1,0
1610490925.101124,490,0,-1,0
1610490925.1111255,490,0,-1,0
1610490925.121127,491,0,-1,0
1610490925.1311278,491,0,-1,0
1610490925.1411288,491,0,-1,0
1610490925.1511304,491,0,-1,0
1610490925.1611316,491,0,-1,0
1610490925.1711342,491,0,-1,0
1610490925.1811364,491,0,-1,0
1610490925.1911373,491,0,-1,0
1610490925.201139,491,0,-1,0
1610490925.211142,491,0,-1,0
1610490925.2211437,491,0,-1,0
1610490925.2311444,491,0,-1,0
1610490925.2411468,491,0,-1,0
1610490925.2511497,491,0,-1,0
1610490925.26115,491,0,-1,0
1610490925.271152,491,0,-1,0
1610490925.2811525,491,0,-1,0
1610490925.2911532,491,0,-1,0
1610490925.3011546,491,0,-1,0
1610490925.311155,491,0,-1,0
1610490925.3211582,491,0,-1,0
1610490925.3311608,491,0,-1,0
1610490925.3411632,491,0,-1,0
1610490925.351164,491,0,-1,0
1610490925.3611643,491,0,-1,0
1610490925.3711674,491,0,-1,0
1610490925.381168,491,0,-1,0
1610490925.3911684,491,0,-1,0
1610490925.40117,491,0,-1,0
1610490925.4111729,491,0,-1,0
1610490925.4211755,491,0,-1,0
1610490925.4311783,491,0,-1,0
1610490925.4411802,491,0,-1,0
1610490925.4511812,491,0,-1,0
1610490925.4611814,491,0,-1,0
1610490925.4711823,491,0,-1,0
1610490925.4811835,491,0,-1,0
1610490925.4911847,491,0,-1,0
1610490925.501187,491,0,-1,0
1610490925.5111878,491,0,-1,0
1610490925.5211897,491,0,-1,0
1610490925.5311906,491,0,-1,0
1610490925.541191,491,0,-1,0
1610490925.5511928,491,0,-1,0
1610490925.5611947,491,0,-1,0
1610490925.5711966,491,0,-1,0
1610490925.5811975,491,0,-1,0
1610490925.5911975,491,0,-1,0
1610490925.6012,491,0,-1,0
1610490925.6112015,491,0,-1,0
1610490925.621203,491,0,-1,0
1610490925.6312044,491,0,-1,0
1610490925.641205,491,0,-1,0
1610490925.6512067,491,0,-1,0
1610490925.6612074,491,0,-1,0
1610490925.6712103,491,0,-1,0
1610490925.681211,491,0,-1,0
1610490925.6912127,491,0,-1,0
1610490925.7012134,491,0,-1,0
1610490925.711214,491,0,-1,0
1610490925.721215,491,0,-1,0
1610490925.731217,491,0,-1,0
1610490925.7412183,491,0,-1,0
1610490925.7512188,491,0,-1,0
1610490925.761221,491,0,-1,0
1610490925.7712219,491,0,-1,0
1610490925.7812245,491,0,-1,0
1610490925.791227,491,0,-1,0
1610490925.8012288,491,0,-1,0
1610490925.811231,491,0,-1,0
1610490925.8212318,491,0,-1,0
1610490925.831234,491,0,-1,0
1610490925.8412344,491,0,-1,0
1610490925.851237,491,0,-1,0
1610490925.861239,491,0,-1,0
1610490925.8712401,491,0,-1,0
1610490925.8812408,491,0,-1,0
1610490925.8912435,491,0,-1,0
1610490925.9012456,491,0,-1,0
1610490925.9112484,491,0,-1,0
1610490925.9212499,491,0,-1,0
1610490925.9312503,491,0,-1,0
1610490925.9412527,491,0,-1,0
1610490925.9512537,491,0,-1,0
1610490925.9612558,491,0,-1,0
1610490925.9712565,491,0,-1,0
1610490925.9812589,491,0,-1,0
1610490925.99126,491,0,-1,0
1610490926.0012615,491,0,-1,0
1610490926.011263,491,0,-1,0
1610490926.0212655,491,0,-1,0
1610490926.0312674,491,0,-1,0
1610490926.0412698,491,0,-1,0
1610490926.0512724,491,0,-1,0
1610490926.0612738,491,0,-1,0
1610490926.0712748,491,0,-1,0
1610490926.0812774,491,0,-1,0
1610490926.0912778,491,0,-1,0
1610490926.1012805,491,0,-1,0
1610490926.111282,491,0,-1,0
1610490926.121285,491,0,-1,0
1610490926.1312852,491,0,-1,0
1610490926.141286,491,0,-1,0
1610490926.1512885,491,0,-1,0
1610490926.1612911,491,0,-1,0
1610490926.1712937,491,0,-1,0
1610490926.1812952,491,0,-1,0
1610490926.1912968,491,0,-1,0
1610490926.2012982,491,0,-1,0
1610490926.2113008,491,0,-1,0
1610490926.2213023,491,0,-1,0
1610490926.2313044,491,0,-1,0
1610490926.241306,491,0,-1,0
1610490926.2513077,491,0,-1,0
1610490926.2613096,491,0,-1,0
1610490926.27131,491,0,-1,0
1610490926.2813125,491,0,-1,0
1610490926.2913148,491,0,-1,0
1610490926.3013158,491,0,-1,0
1610490926.311318,491,0,-1,0
1610490926.3213184,491,0,-1,0
1610490926.33132,491,0,-1,0
1610490926.3413217,491,0,-1,0
1610490926.3513236,491,0,-1,0
1610490926.361326,491,0,-1,0
1610490926.3713264,491,0,-1,0
1610490926.381329,491,0,-1,0
1610490926.3913302,491,0,-1,0
1610490926.4013307,491,0,-1,0
1610490926.411333,491,0,-1,0
1610490926.4213338,491,0,-1,0
1610490926.4313352,491,0,-1,0
1610490926.4413354,491,0,-1,0
1610490926.451336,491,0,-1,0
1610490926.4613364,491,0,-1,0
1610490926.4713373,491,0,-1,0
1610490926.481339,491,0,-1,0
1610490926.4913414,491,0,-1,0
1610490926.5013416,491,0,-1,0
1610490926.5113442,491,0,-1,0
1610490926.521347,491,0,-1,0
1610490926.53135,491,0,-1,0
1610490926.5413525,491,0,-1,0
1610490926.5513554,491,0,-1,0
1610490926.561356,491,0,-1,0
1610490926.5713587,491,0,-1,0
1610490926.5813613,491,0,-1,0
1610490926.591362,491,0,-1,0
1610490926.601363,491,0,-1,0
1610490926.6113653,491,0,-1,0
1610490926.6213677,491,0,-1,0
1610490926.6313703,491,0,-1,0
1610490926.6413732,491,0,-1,0
1610490926.6513753,491,0,-1,0
1610490926.6613784,491,0,-1,0
1610490926.6713808,491,0,-1,0
1610490926.681383,491,0,-1,0
1610490926.691384,491,0,-1,0
1610490926.7013848,491,0,-1,0
1610490926.7113862,491,0,-1,0
1610490926.7213879,491,0,-1,0
1610490926.7313907,491,0,-1,0
1610490926.7413926,491,0,-1,0
1610490926.7513952,491,0,-1,0
1610490926.7613964,491,0,-1,0
1610490926.7713993,491,0,-1,0
1610490926.7814007,491,0,-1,0
1610490926.7914023,491,0,-1,0
1610490926.801404,491,0,-1,0
1610490926.811406,491,0,-1,0
1610490926.8214073,491,0,-1,0
1610490926.8314092,491,0,-1,0
1610490926.8414097,491,0,-1,0
1610490926.851411,491,0,-1,0
1610490926.861413,491,0,-1,0
1610490926.8714159,491,0,-1,0
1610490926.8814187,491,0,-1,0
1610490926.89142,491,0,-1,0
1610490926.9014206,491,0,-1,0
1610490926.9114223,491,0,-1,0
1610490926.9214242,491,0,-1,0
1610490926.9314249,491,0,-1,0
1610490926.941426,394,0,-1,0
1610490926.9514263,394,2,-1,0
1610490926.961427,394,7,-1,0
1610490926.9714289,394,8,-1,0
1610490926.9814312,394,11,-1,0
1610490926.9914334,394,13,-1,0
1610490927.0014336,394,16,-1,0
1610490927.011436,394,20,-1,0
1610490927.0214384,394,22,-1,0
1610490927.03144,393,25,-1,0
1610490927.0414407,393,31,-1,0
1610490927.0514414,393,33,-1,0
1610490927.061443,393,35,-1,0
1610490927.0714457,392,38,-1,0
1610490927.081448,392,45,-1,0
1610490927.091449,392,48,-1,0
1610490927.1014495,392,51,-1,0
1610490927.111452,392,55,-1,0
1610490927.1214533,392,58,-1,0
1610490927.131454,392,62,-1,0
1610490927.1414557,392,67,-1,0
1610490927.1514575,392,72,9,0
1610490927.16146,392,84,9,0
1610490927.171461,390,92,9,0
1610490927.1814623,388,97,9,0
1610490927.1914635,387,103,9,0
1610490927.2014647,386,117,9,0
1610490927.2114673,384,125,9,0
1610490927.2214687,382,133,9,0
1610490927.2314694,382,140,9,0
1610490927.2414715,377,156,9,0
1610490927.2514725,374,166,9,0
1610490927.2614741,370,175,9,0
1610490927.2714753,369,181,9,0
1610490927.2814753,366,195,9,0
1610490927.291477,363,199,9,0
1610490927.3014793,360,206,9,0
1610490927.3114817,356,213,9,0
1610490927.3214827,350,222,9,0
1610490927.3314831,349,227,9,0
1610490927.3414857,347,229,9,0
1610490927.3514864,346,236,-1,0
1610490927.3614888,344,244,-1,0
1610490927.3714914,342,247,-1,0
1610490927.3814938,341,253,-1,0
1610490927.391495,340,257,-1,0
1610490927.4014976,337,266,-1,0
1610490927.4114995,336,273,-1,0
1610490927.4215019,336,275,-1,0
1610490927.4315047,333,282,-1,0
1610490927.4415047,330,292,-1,0
1610490927.4515078,329,298,-1,0
1610490927.4615104,327,303,-1,0
1610490927.4715116,326,307,-1,0
1610490927.4815135,323,317,-1,0
1610490927.4915156,320,325,-1,0
1610490927.5015166,318,331,-1,0
1610490927.511519,318,337,-1,0
1610490927.5215194,315,345,-1,0
1610490927.53152,315,350,-1,0
1610490927.541522,314,354,-1,0
1610490927.5515244,313,359,-1,0
1610490927.5615263,309,367,-1,0
1610490927.5715277,308,372,-1,0
1610490927.581528,307,376,-1,0
1610490927.5915291,306,381,-1,0
1610490927.6015306,304,389,-1,0
1610490927.611532,301,393,-1,0
1610490927.6215332,300,397,-1,0
1610490927.6315353,300,399,-1,0
1610490927.641536,297,404,-1,0
1610490927.6515374,296,406,-1,0
1610490927.6615384,296,406,-1,0
1610490927.6715395,296,408,-1,0
1610490927.6815405,293,411,-1,0
1610490927.691543,293,411,-1,0
1610490927.7015452,293,411,-1,0
1610490927.7115467,293,411,-1,0
1610490927.721548,293,411,-1,0
1610490927.7315497,293,411,-1,0
1610490927.7415514,293,411,-1,0
1610490927.7515523,293,411,2,0
1610490927.7615542,293,411,2,0
1610490927.7715545,293,411,2,0
1610490927.7815547,293,411,2,0
1610490927.7915576,293,411,2,0
1610490927.8015602,293,411,2,0
1610490927.811563,293,411,2,0
1610490927.821565,293,411,2,0
1610490927.8315663,293,411,2,0
1610490927.8415673,293,411,2,0
1610490927.851569,293,411,2,0
1610490927.8615716,293,411,2,0
1610490927.871572,293,411,2,0
1610490927.881575,293,411,2,0
1610490927.891576,293,411,2,0
1610490927.9015787,293,411,2,0
1610490927.91158,293,411,2,0
1610490927.9215822,293,411,2,0
1610490927.9315848,293,411,2,0
1610490927.941586,293,411,2,0
1610490927.9515882,293,411,2,0
1610490927.9615898,294,411,2,0
1610490927.9715922,297,411,2,0
1610490927.9815931,297,411,2,0
1610490927.9915957,299,409,2,0
1610490928.001596,300,408,2,0
1610490928.011596,302,407,2,0
1610490928.0215967,302,407,2,0
1610490928.031599,303,406,2,0
1610490928.0415993,305,404,2,0
1610490928.0516014,306,403,2,0
1610490928.0616028,307,403,2,0
1610490928.0716057,307,403,2,0
1610490928.0816061,308,402,2,0
1610490928.0916066,308,402,2,0
1610490928.1016073,308,400,2,0
1610490928.1116078,308,400,2,0
1610490928.1216104,307,398,2,0
1610490928.131611,306,397,2,0
1610490928.1416123,306,397,2,0
1610490928.1516144,304,397,-1,0
1610490928.1616156,302,396,-1,0
1610490928.1716177,302,396,-1,0
1610490928.18162,301,395,-1,0
1610490928.1916213,300,394,-1,0
1610490928.2016242,298,393,-1,0
1610490928.2116249,297,393,-1,0
1610490928.221627,297,393,-1,0
1610490928.231635,297,393,-1,0
1610490928.241638,297,393,-1,0
1610490928.251639,297,393,-1,0
1610490928.2616415,297,393,-1,0
1610490928.2716446,297,393,-1,0
1610490928.281647,297,393,-1,0
1610490928.291648,297,393,-1,0
1610490928.3016484,297,393,-1,0
1610490928.3116488,297,393,-1,0
1610490928.3216517,297,393,-1,0
1610490928.3316534,297,393,-1,0
1610490928.3416538,297,393,-1,0
1610490928.3516564,297,393,2,0
1610490928.3616583,297,393,2,0
1610490928.371661,297,393,2,0
1610490928.381663,297,393,2,0
1610490928.3916638,297,393,2,0
1610490928.401665,297,393,2,0
1610490928.4116669,297,393,2,0
1610490928.4216683,297,393,2,0
1610490928.431684,297,393,2,0
1610490928.4416854,297,393,2,0
1610490928.4516866,297,393,2,0
1610490928.461688,297,393,2,0
1610490928.4716887,297,393,2,0
1610490928.4816914,297,393,2,0
1610490928.4916935,297,393,2,0
1610490928.501696,297,393,2,0
1610490928.5116987,297,393,2,0
1610490928.5217013,297,393,2,0
1610490928.5317035,297,393,2,0
1610490928.541705,296,393,2,0
1610490928.5517068,295,393,2,0
1610490928.5617094,294,392,2,0
1610490928.5717108,294,392,2,0
1610490928.5817113,293,391,2,0
1610490928.5917115,293,391,2,0
1610490928.6017127,292,390,2,0
1610490928.611715,291,388,2,0
1610490928.621716,290,386,2,0
1610490928.6317182,290,382,2,0
1610490928.6417205,292,376,2,0
1610490928.6517212,293,373,2,0
1610490928.6617234,296,369,2,0
1610490928.6717248,298,367,2,0
1610490928.681725,304,358,2,0
1610490928.6917276,308,354,2,0
1610490928.7017288,314,348,2,0
1610490928.7117317,319,342,2,0
1610490928.7217336,330,329,2,0
1610490928.7317352,336,321,2,0
1610490928.7417367,342,315,2,0
1610490928.7517369,349,308,-1,0
1610490928.76174,360,294,-1,0
1610490928.7717414,364,289,-1,0
1610490928.7817438,373,279,-1,0
1610490928.7917442,379,274,-1,0
1610490928.8017466,389,263,-1,0
1610490928.8117497,391,258,-1,0
1610490928.8217506,395,253,-1,0
1610490928.831753,396,252,-1,0
1610490928.8417535,400,247,-1,0
1610490928.851756,400,245,-1,0
1610490928.861758,402,243,-1,0
1610490928.8717592,402,243,-1,0
1610490928.8817616,403,240,-1,0
1610490928.8917627,404,237,-1,0
1610490928.9017646,405,236,-1,0
1610490928.9117663,406,235,-1,0
1610490928.921767,406,233,-1,0
1610490928.9317696,407,231,-1,0
1610490928.941771,407,231,-1,0
1610490928.951772,407,231,6,0
1610490928.9617748,407,230,6,0
1610490928.9717772,407,230,6,0
1610490928.98178,407,230,6,0
1610490928.9917815,407,230,6,0
1610490929.0017843,407,230,6,0
1610490929.0117848,407,230,6,0
1610490929.0217853,407,230,6,0
1610490929.0317879,407,230,6,0
1610490929.0417907,407,230,6,0
1610490929.0517926,407,230,6,0
1610490929.0617936,407,230,6,0
1610490929.0717962,407,230,6,0
1610490929.081798,407,230,6,0
1610490929.0917997,407,230,6,0
1610490929.1018016,407,230,6,0
1610490929.1118045,407,230,6,0
1610490929.1218066,407,230,6,0
1610490929.1318095,407,230,6,0
1610490929.1418126,407,230,6,0
1610490929.1518142,407,230,6,0
1610490929.161817,407,230,6,0
1610490929.1718175,407,230,6,0
1610490929.1818185,407,230,6,0
1610490929.191819,407,230,6,0
1610490929.2018201,407,230,6,0
1610490929.2118213,407,230,6,0
1610490929.2218232,407,230,6,0
1610490929.2318244,407,230,6,0
1610490929.2418246,407,230,6,0
1610490929.2518256,407,230,6,0
1610490929.261826,407,230,6,0
1610490929.2718282,407,230,6,0
1610490929.2818296,407,228,6,0
1610490929.2918313,407,223,6,0
1610490929.3018324,407,219,6,0
1610490929.3118343,408,217,6,0
1610490929.3218362,409,209,6,0
1610490929.3318384,411,205,6,0
1610490929.3418388,412,200,6,0
1610490929.3518407,414,195,-1,0
1610490929.3618426,416,185,-1,0
1610490929.371843,417,180,-1,0
1610490929.381846,418,174,-1,0
1610490929.3918474,418,169,-1,0
1610490929.4018497,419,155,-1,0
1610490929.411851,421,149,-1,0
1610490929.4218516,424,143,-1,0
1610490929.4318533,424,137,-1,0
1610490929.4418545,427,129,-1,0
1610490929.451856,429,125,-1,0
1610490929.461858,429,123,-1,0
1610490929.471859,430,117,-1,0
1610490929.48186,433,110,-1,0
1610490929.4918625,435,105,-1,0
1610490929.5018642,435,104,-1,0
1610490929.5118668,436,101,-1,0
1610490929.5218673,438,96,-1,0
1610490929.531868,438,94,-1,0
1610490929.5418694,439,91,-1,0
1610490929.55187,440,89,9,0
1610490929.5618703,442,84,9,0
1610490929.571873,444,82,9,0
1610490929.581874,445,79,9,0
1610490929.5918753,445,79,9,0
1610490929.6018777,449,73,9,0
1610490929.6118815,450,70,9,0
1610490929.6218839,451,68,9,0
1610490929.6318862,454,65,9,0
1610490929.641887,456,61,9,0
1610490929.6518896,457,58,9,0
1610490929.66189,458,57,9,0
1610490929.6718922,460,54,9,0
1610490929.6818933,463,50,9,0
1610490929.691895,463,49,9,0
1610490929.7018955,463,48,9,0
1610490929.711897,464,45,9,0
1610490929.7218986,465,43,9,0
1610490929.7319002,466,41,9,0
1610490929.7419007,468,39,9,0
1610490929.751916,469,38,-1,0
1610490929.7619166,470,36,-1,0
1610490929.7719169,471,35,-1,0
1610490929.781919,472,33,-1,0
1610490929.7919197,472,33,-1,0
1610490929.8019216,473,32,-1,0
1610490929.8119245,473,31,-1,0
1610490929.821926,474,29,-1,0
1610490929.8319275,474,29,-1,0
1610490929.8419292,474,29,-1,0
1610490929.8519306,474,29,-1,0
1610490929.861931,474,29,-1,0
1610490929.8719325,474,29,-1,0
1610490929.8819332,474,29,-1,0
1610490929.8919358,474,29,-1,0
1610490929.901939,474,29,-1,0
1610490929.91194,474,29,-1,0
1610490929.921941,474,29,-1,0
1610490929.9319437,474,29,-1,0
1610490929.9419446,474,29,-1,0
1610490929.9519458,474,29,-1,0
1610490929.961946,474,29,-1,0
1610490929.9719465,474,29,-1,0
1610490929.9819477,474,29,-1,0
1610490929.9919481,474,29,-1,0
1610490930.00195,474,29,-1,0
1610490930.0119522,474,29,-1,0
1610490930.021953,474,29,-1,0
1610490930.0319536,474,29,-1,0
1610490930.0419548,474,29,-1,0
1610490930.0519576,474,29,-1,0
1610490930.061958,474,29,-1,0
1610490930.0719595,474,29,-1,0
1610490930.0819626,474,29,-1,0
1610490930.0919633,474,29,-1,0
1610490930.1019661,474,29,-1,0
1610490930.1119673,474,29,-1,0
1610490930.1219702,474,29,-1,0
1610490930.1319716,474,29,-1,0
1610490930.1419723,474,29,-1,0
1610490930.1519725,474,29,-1,0
1610490930.1619744,474,29,-1,0
1610490930.1719768,474,29,-1,0
1610490930.1819792,474,29,-1,0
1610490930.191981,474,29,-1,0
1610490930.2019825,474,29,-1,0
1610490930.2119846,474,29,-1,0
1610490930.2219868,474,29,-1,0
1610490930.231988,474,29,-1,0
1610490930.24199,474,29,-1,0
1610490930.2519913,474,29,-1,0
1610490930.2619925,474,29,-1,0
1610490930.2719939,474,29,-1,0
1610490930.281995,474,29,-1,0
1610490930.2919958,474,29,-1,0
1610490930.3019977,474,29,-1,0
1610490930.3119984,474,29,-1,0
1610490930.321999,474,29,-1,0
1610490930.3319998,474,29,-1,0
1610490930.342002,474,29,-1,0
1610490930.3520029,474,29,-1,0
1610490930.3620038,474,29,-1,0
1610490930.372006,474,29,-1,0
1610490930.3820083,474,29,-1,0
1610490930.392009,474,29,-1,0
1610490930.4020114,474,29,-1,0
1610490930.4120128,474,29,-1,0
1610490930.422015,474,29,-1,0
1610490930.4320154,474,29,-1,0
1610490930.442018,474,29,-1,0
1610490930.4520195,474,29,-1,0
1610490930.462021,474,29,-1,0
1610490930.4720223,474,29,-1,0
1610490930.482024,474,29,-1,0
1610490930.492026,474,29,-1,0
1610490930.5020275,476,27,-1,0
1610490930.5120294,478,26,-1,0
1610490930.52203,478,25,-1,0
1610490930.53203,478,25,-1,0
1610490930.5420315,479,25,-1,0
1610490930.5520318,479,25,-1,0
1610490930.5620332,481,24,-1,0
1610490930.572036,481,24,-1,0
1610490930.582038,481,24,-1,0
1610490930.5920403,481,24,-1,0
1610490930.602043,482,23,-1,0
1610490930.612044,482,23,-1,0
1610490930.622047,482,23,-1,0
1610490930.6320481,482,23,-1,0
1610490930.6420496,484,22,-1,0
1610490930.6520503,484,22,-1,0
1610490930.6620533,484,22,-1,0
1610490930.672055,484,22,-1,0
1610490930.682056,484,22,-1,0
1610490930.6920571,484,22,-1,0
1610490930.7020597,484,22,-1,0
1610490930.7120602,484,22,-1,0
1610490930.7220604,484,22,-1,0
1610490930.732061,484,22,-1,0
1610490930.7420702,484,22,-1,0
1610490930.7520716,484,22,-1,0
1610490930.762093,484,22,-1,0
1610490930.7720945,484,22,-1,0
1610490930.7820954,484,22,-1,0
1610490930.7920957,484,22,-1,0
1610490930.8020968,484,22,-1,0
1610490930.812098,484,22,-1,0
1610490930.8220997,484,22,-1,0
1610490930.8321016,484,22,-1,0
1610490930.842103,484,22,-1,0
1610490930.852105,484,22,-1,0
1610490930.862107,484,22,-1,0
1610490930.8721092,484,22,-1,0
1610490930.882111,484,22,-1,0
1610490930.8921142,484,22,-1,0
1610490930.9021149,484,22,-1,0
1610490930.9121177,484,22,-1,0
1610490930.922119,484,22,-1,0
1610490930.9321218,484,22,-1,0
1610490930.9421222,484,22,-1,0
1610490930.9521236,484,22,-1,0
1610490930.9621255,484,22,-1,0
1610490930.9721267,484,22,-1,0
1610490930.9821274,484,22,-1,0
1610490930.992128,484,22,-1,0
1610490931.0021293,484,22,-1,0
1610490931.0121322,484,22,-1,0
1610490931.0221348,484,22,-1,0
1610490931.032137,484,22,-1,0
1610490931.0421371,484,22,-1,0
1610490931.0521402,484,22,-1,0
1610490931.062142,484,22,-1,0
1610490931.0721443,484,22,-1,0
1610490931.082147,484,22,-1,0
1610490931.0921478,484,22,-1,0
1610490931.1021495,484,22,-1,0
1610490931.1121514,484,22,-1,0
1610490931.1221538,484,22,-1,0
1610490931.1321545,484,22,-1,0
1610490931.1421573,484,22,-1,0
1610490931.152159,484,22,-1,0
1610490931.1621616,484,22,-1,0
1610490931.1721623,484,22,-1,0
1610490931.1821644,484,22,-1,0
1610490931.1921663,484,22,-1,0
1610490931.202167,484,22,-1,0
1610490931.2121687,484,22,-1,0
1610490931.2221706,484,22,-1,0
1610490931.2321727,484,22,-1,0
1610490931.242174,484,22,-1,0
1610490931.2521749,484,22,-1,0
1610490931.2621775,484,22,-1,0
1610490931.272178,484,22,-1,0
1610490931.2821796,484,22,-1,0
1610490931.2921815,484,22,-1,0
1610490931.3021827,484,22,-1,0
1610490931.3121834,484,22,-1,0
1610490931.3221836,484,22,-1,0
1610490931.3321917,484,22,-1,0
1610490931.3421943,484,22,-1,0
1610490931.352197,484,22,-1,0
1610490931.3621998,484,22,-1,0
1610490931.3722014,484,22,-1,0
1610490931.3822017,484,22,-1,0
1610490931.3922038,484,22,-1,0
1610490931.4022062,484,22,-1,0
1610490931.4122088,484,22,-1,0
1610490931.422212,484,22,-1,0
1610490931.4322133,484,22,-1,0
1610490931.4422162,484,22,-1,0
1610490931.4522164,484,22,-1,0
1610490931.4622173,484,22,-1,0
1610490931.4722178,484,22,-1,0
1610490931.4822202,484,22,-1,0
1610490931.492223,484,22,-1,0
1610490931.5022237,484,22,-1,0
1610490931.5122259,484,22,-1,0
1610490931.5222263,484,22,-1,0
1610490931.5322273,484,22,-1,0
1610490931.5422285,484,22,-1,0
1610490931.5522294,484,22,-1,0
1610490931.562232,484,22,-1,0
1610490931.572234,484,22,-1,0
1610490931.5822344,484,22,-1,0
1610490931.5922358,484,22,-1,0
1610490931.6022377,484,22,-1,0
1610490931.6122394,484,22,-1,0
1610490931.62224,484,22,-1,0
1610490931.632243,484,22,-1,0
1610490931.642244,484,22,-1,0
1610490931.6522462,484,22,-1,0
1610490931.6622474,484,22,-1,0
1610490931.6722481,484,22,-1,0
1610490931.6822484,484,22,-1,0
1610490931.6922488,484,22,-1,0
1610490931.7022512,484,22,-1,0
1610490931.712254,484,22,-1,0
1610490931.7222543,484,22,-1,0
1610490931.7322552,484,22,-1,0
1610490931.7422569,484,22,-1,0
1610490931.7522597,484,22,-1,0
1610490931.7622619,484,22,-1,0
1610490931.7722623,484,22,-1,0
1610490931.782265,484,22,-1,0
1610490931.7922661,484,22,-1,0
1610490931.8022666,484,22,-1,0
1610490931.8122668,484,22,-1,0
1610490931.822269,484,22,-1,0
1610490931.8322701,484,22,-1,0
1610490931.842272,484,22,-1,0
1610490931.852275,484,22,-1,0
1610490931.8622758,484,22,-1,0
1610490931.8722777,484,22,-1,0
1610490931.8822794,484,22,-1,0
1610490931.8922825,484,22,-1,0
1610490931.9022846,484,22,-1,0
1610490931.912285,484,22,-1,0
1610490931.9222865,484,22,-1,0
1610490931.9322872,484,22,-1,0
1610490931.9422882,484,22,-1,0
1610490931.9522905,484,22,-1,0
1610490931.9622912,484,22,-1,0
1610490931.9722924,484,22,-1,0
1610490931.9822946,484,22,-1,0
1610490931.992297,484,22,-1,0
1610490932.0022993,484,22,-1,0
1610490932.0123,484,22,-1,0
1610490932.0223005,484,22,-1,0
1610490932.0323007,484,22,-1,0
1610490932.0423024,484,22,-1,0
1610490932.0523047,484,22,-1,0
1610490932.0623064,484,22,-1,0
1610490932.0723069,484,22,-1,0
1610490932.0823085,484,22,-1,0
1610490932.0923104,484,22,-1,0
1610490932.1023128,484,22,-1,0
1610490932.1123152,484,22,-1,0
1610490932.1223164,484,22,-1,0
1610490932.132318,484,22,-1,0
1610490932.1423202,484,22,-1,0
1610490932.1523232,484,22,-1,0
1610490932.1623237,484,22,-1,0
1610490932.1723242,484,22,-1,0
1610490932.1823246,484,22,-1,0
1610490932.192327,484,22,-1,0
1610490932.2023287,484,22,-1,0
1610490932.2123315,484,22,-1,0
1610490932.222333,484,22,-1,0
1610490932.2323334,484,22,-1,0
1610490932.2423358,484,22,-1,0
1610490932.2523384,484,22,-1,0
1610490932.262341,484,22,-1,0
1610490932.2723436,484,22,-1,0
1610490932.2823453,484,22,-1,0
1610490932.2923472,484,22,-1,0
1610490932.3023484,484,22,-1,0
1610490932.312349,484,22,-1,0
1610490932.3223495,484,22,-1,0
1610490932.332351,484,22,-1,0
1610490932.3423522,484,22,-1,0
1610490932.3523533,484,22,-1,0
1610490932.3623564,484,22,-1,0
1610490932.3723574,484,22,-1,0
1610490932.382359,484,22,-1,0
1610490932.3923607,484,22,-1,0
1610490932.4023616,484,22,-1,0
1610490932.4123638,484,22,-1,0
1610490932.4223642,484,22,-1,0
1610490932.4323664,484,22,-1,0
1610490932.4423687,484,22,-1,0
1610490932.4523714,484,22,-1,0
1610490932.4623735,484,22,-1,0
1610490932.4723756,484,22,-1,0
1610490932.4823763,484,22,-1,0
1610490932.492377,484,22,-1,0
1610490932.5023787,484,22,-1,0
1610490932.5123844,484,22,-1,0
1610490932.5223854,484,22,-1,0
1610490932.5323875,484,22,-1,0
1610490932.5423884,484,22,-1,0
1610490932.5523908,484,22,-1,0
1610490932.5623934,484,22,-1,0
1610490932.5723958,484,22,-1,0
1610490932.5823977,484,22,-1,0
1610490932.5923991,484,22,-1,0
1610490932.6024017,484,22,-1,0
1610490932.6124024,484,22,-1,0
1610490932.6224031,484,22,-1,0
1610490932.6324055,484,22,-1,0
1610490932.6424077,484,22,-1,0
1610490932.6524084,484,22,-1,0
1610490932.6624105,484,22,-1,0
1610490932.672412,484,22,-1,0
1610490932.682413,484,22,-1,0
1610490932.692416,484,22,-1,0
1610490932.7024171,484,22,-1,0
1610490932.712418,484,22,-1,0
1610490932.72242,484,22,-1,0
1610490932.732421,484,22,-1,0
1610490932.7424219,484,22,-1,0
1610490932.7524228,484,22,-1,0
1610490932.7624235,485,21,-1,0
1610490932.7724245,485,18,-1,0
1610490932.7824273,485,18,-1,0
1610490932.792428,485,17,-1,0
1610490932.8024287,486,14,-1,0
1610490932.8124297,486,14,-1,0
1610490932.8224316,486,14,-1,0
1610490932.8324327,486,14,-1,0
1610490932.8424346,487,12,-1,0
1610490932.852436,487,12,-1,0
1610490932.8624363,488,11,-1,0
1610490932.8724363,488,11,-1,0
1610490932.8824384,488,10,-1,0
1610490932.8924396,488,10,-1,0
1610490932.9024422,488,9,-1,0
1610490932.9124439,488,9,-1,0
1610490932.9224453,488,9,-1,0
1610490932.9324477,488,8,-1,0
1610490932.9424496,488,8,-1,0
1610490932.952452,488,8,-1,0
1610490932.9624543,488,7,-1,0
1610490932.972455,488,7,-1,0
1610490932.9824572,488,7,-1,0
1610490932.9924583,488,7,-1,0
1610490933.002459,489,4,-1,0
1610490933.0124605,489,4,-1,0
1610490933.0224612,489,4,-1,0
1610490933.0324614,489,4,-1,0
1610490933.0424638,489,4,-1,0
1610490933.0524666,489,4,-1,0
1610490933.0624688,489,4,-1,0
1610490933.0724714,489,4,-1,0
1610490933.0824733,489,4,-1,0
1610490933.0924752,489,3,-1,0
1610490933.102477,489,3,-1,0
1610490933.1124785,489,1,-1,0
1610490933.1224797,489,0,-1,0
1610490933.1324813,489,0,-1,0
1610490933.1424816,489,0,-1,0
1610490933.1524818,489,0,-1,0
1610490933.162484,489,0,-1,0
1610490933.1724858,489,0,-1,0
1610490933.182487,489,0,-1,0
1610490933.1924894,489,0,-1,0
1610490933.2024918,489,0,-1,0
1610490933.2124946,489,0,-1,0
1610490933.2224953,489,0,-1,0
1610490933.232498,489,0,-1,0
1610490933.242499,489,0,-1,0
1610490933.2525,489,0,-1,0
1610490933.2625031,489,0,-1,0
1610490933.2725036,489,0,-1,0
1610490933.2825067,489,0,-1,0
1610490933.2925076,489,0,-1,0
1610490933.3025084,489,0,-1,0
1610490933.3125095,489,0,-1,0
1610490933.3225117,489,0,-1,0
1610490933.3325133,489,0,-1,0
1610490933.342516,489,0,-1,0
1610490933.3525171,489,0,-1,0
1610490933.3625197,489,0,-1,0
1610490933.3725224,489,0,-1,0
1610490933.382524,489,0,-1,0
1610490933.3925266,489,0,-1,0
1610490933.402528,489,0,-1,0
1610490933.4125297,489,0,-1,0
1610490933.4225318,489,0,-1,0
1610490933.4325333,489,0,-1,0
1610490933.4425344,489,0,-1,0
1610490933.4525373,489,0,-1,0
1610490933.4625401,489,0,-1,0
1610490933.4725401,489,0,-1,0
1610490933.4825408,489,0,-1,0
1610490933.4925423,489,0,-1,0
1610490933.5025444,489,0,-1,0
1610490933.512545,489,0,-1,0
1610490933.522548,489,0,-1,0
1610490933.5325508,489,0,-1,0
1610490933.5425522,489,0,-1,0
1610490933.5525537,489,0,-1,0
1610490933.5625553,489,0,-1,0
1610490933.5725558,489,0,-1,0
1610490933.5825574,489,0,-1,0
1610490933.5925589,489,0,-1,0
1610490933.6025608,489,0,-1,0
1610490933.612562,489,0,-1,0
1610490933.6225638,489,0,-1,0
1610490933.6325657,489,0,-1,0
1610490933.642567,489,0,-1,0
1610490933.6525695,489,0,-1,0
1610490933.6625698,489,0,-1,0
1610490933.6725712,489,0,-1,0
1610490933.6825736,489,0,-1,0
1610490933.692576,489,0,-1,0
1610490933.702578,489,0,-1,0
1610490933.7125804,489,0,-1,0
1610490933.7225823,489,0,-1,0
1610490933.7325854,489,0,-1,0
1610490933.742586,489,0,-1,0
1610490933.7525878,489,0,-1,0
1610490933.7625885,489,0,-1,0
1610490933.7725897,489,0,-1,0
1610490933.7825902,489,0,-1,0
1610490933.7925906,489,0,-1,0
1610490933.8025923,489,0,-1,0
1610490933.812593,489,0,-1,0
1610490933.8225956,489,0,-1,0
1610490933.8325975,489,0,-1,0
1610490933.8425999,489,0,-1,0
1610490933.8526006,489,0,-1,0
1610490933.8626018,489,0,-1,0
1610490933.8726037,489,0,-1,0
1610490933.8826048,489,0,-1,0
1610490933.8926065,489,0,-1,0
1610490933.902609,489,0,-1,0
1610490933.9126098,489,0,-1,0
1610490933.9226108,489,0,-1,0
1610490933.9326136,489,0,-1,0
1610490933.9426157,489,0,-1,0
1610490933.952617,489,0,-1,0
1610490933.9626174,489,0,-1,0
1610490933.9726198,489,0,-1,0
1610490933.9826207,489,0,-1,0
1610490933.9926229,489,0,-1,0
1610490934.0026257,489,0,-1,0
1610490934.0126266,489,0,-1,0
1610490934.0226285,489,0,-1,0
1610490934.0326295,489,0,-1,0
1610490934.0426304,489,0,-1,0
1610490934.0526311,489,0,-1,0
1610490934.0626338,489,0,-1,0
1610490934.0726361,489,0,-1,0
1610490934.0826373,489,0,-1,0
1610490934.0926385,489,0,-1,0
1610490934.1026397,489,0,-1,0
1610490934.1126401,489,0,-1,0
1610490934.1226406,489,0,-1,0
1610490934.1326416,489,0,-1,0
1610490934.1426444,489,0,-1,0
1610490934.1526446,489,0,-1,0
1610490934.162647,489,0,-1,0
1610490934.1726491,489,0,-1,0
1610490934.1826506,489,0,-1,0
1610490934.192652,489,0,-1,0
1610490934.2026522,489,0,-1,0
1610490934.2126539,489,0,-1,0
1610490934.2226553,489,0,-1,0
1610490934.2326562,489,0,-1,0
1610490934.2426593,489,0,-1,0
1610490934.2526608,489,0,-1,0
1610490934.2626622,489,0,-1,0
1610490934.2726638,489,0,-1,0
1610490934.2826662,489,0,-1,0
1610490934.2926672,489,0,-1,0
1610490934.3026679,489,0,-1,0
1610490934.312668,489,0,-1,0
1610490934.3226693,489,0,-1,0
1610490934.332672,489,0,-1,0
1610490934.342673,489,0,-1,0
1610490934.3526762,489,0,-1,0
1610490934.3626766,489,0,-1,0
1610490934.3726797,489,0,-1,0
1610490934.3826816,489,0,-1,0
1610490934.3926823,489,0,-1,0
1610490934.4026847,489,0,-1,0
1610490934.4126854,489,0,-1,0
1610490934.4226875,489,0,-1,0
1610490934.432689,489,0,-1,0
1610490934.4426894,489,0,-1,0
1610490934.4526896,489,0,-1,0
1610490934.4626906,489,0,-1,0
1610490934.4726932,489,0,-1,0
1610490934.4826944,489,0,-1,0
1610490934.4926965,489,0,-1,0
1610490934.5026987,489,0,-1,0
1610490934.5126994,489,0,-1,0
1610490934.5227,489,0,-1,0
1610490934.5327024,489,0,-1,0
1610490934.5427032,489,0,-1,0
1610490934.5527039,489,0,-1,0
1610490934.5627048,489,0,-1,0
1610490934.5727057,489,0,-1,0
1610490934.5827081,489,0,-1,0
1610490934.592711,489,0,-1,0
1610490934.6027122,489,0,-1,0
1610490934.612714,489,0,-1,0
1610490934.6227162,489,0,-1,0
1610490934.6327188,489,0,-1,0
1610490934.6427217,489,0,-1,0
1610490934.652724,489,0,-1,0
1610490934.6627252,489,0,-1,0
1610490934.6727266,489,0,-1,0
1610490934.6827269,489,0,-1,0
1610490934.6927283,489,0,-1,0
1610490934.7027297,489,0,-1,0
1610490934.7127304,489,0,-1,0
1610490934.7227316,489,0,-1,0
1610490934.7327342,489,0,-1,0
1610490934.742736,489,0,-1,0
1610490934.7527385,489,0,-1,0
1610490934.762739,489,0,-1,0
1610490934.7727413,489,0,-1,0
1610490934.7827435,489,0,-1,0
1610490934.7927444,489,0,-1,0
1610490934.802746,489,0,-1,0
1610490934.8127468,489,0,-1,0
1610490934.822748,489,0,-1,0
1610490934.8327506,489,0,-1,0
1610490934.842751,489,0,-1,0
1610490934.852752,489,0,-1,0
1610490934.862753,489,0,-1,0
1610490934.872755,489,0,-1,0
1610490934.8827553,489,0,-1,0
1610490934.8927577,489,0,-1,0
1610490934.9027603,489,0,-1,0
1610490934.912761,489,0,-1,0
1610490934.9227622,489,0,-1,0
1610490934.9327636,489,0,-1,0
1610490934.9427648,489,0,-1,0
1610490934.9527671,489,0,-1,0
1610490934.9627683,489,0,-1,0
1610490934.9727695,489,0,-1,0
1610490934.9827704,489,0,-1,0
1610490934.992772,489,0,-1,0
1610490935.0027728,489,0,-1,0
1610490935.0127752,489,0,-1,0
1610490935.0227773,489,0,-1,0
1610490935.032779,489,0,-1,0
1610490935.0427797,489,0,-1,0
1610490935.052781,489,0,-1,0
1610490935.0627835,489,0,-1,0
1610490935.0727856,489,0,-1,0
1610490935.0827858,489,0,-1,0
1610490935.0927877,489,0,-1,0
1610490935.1027899,489,0,-1,0
1610490935.112792,489,0,-1,0
1610490935.1227944,489,0,-1,0
1610490935.132795,489,0,-1,0
1610490935.1427956,489,0,-1,0
1610490935.1527963,489,0,-1,0
1610490935.162797,489,0,-1,0
1610490935.1727974,489,0,-1,0
1610490935.1827993,489,0,-1,0
1610490935.1928005,489,0,-1,0
1610490935.202802,489,0,-1,0
1610490935.2128034,489,0,-1,0
1610490935.2228045,489,0,-1,0
1610490935.2328064,489,0,-1,0
1610490935.2428086,489,0,-1,0
1610490935.252809,489,0,-1,0
1610490935.2628107,489,0,-1,0
1610490935.2728128,489,0,-1,0
1610490935.2828135,489,0,-1,0
1610490935.2928154,489,0,-1,0
1610490935.3028178,489,0,-1,0
1610490935.3128188,489,0,-1,0
1610490935.3228207,489,0,-1,0
1610490935.3328223,489,0,-1,0
1610490935.342825,489,0,-1,0
1610490935.352826,489,0,-1,0
1610490935.362827,489,0,-1,0
1610490935.3728294,489,0,-1,0
1610490935.3828323,489,0,-1,0
1610490935.3928337,489,0,-1,0
1610490935.4028366,489,0,-1,0
1610490935.412839,489,0,-1,0
1610490935.4228406,489,0,-1,0
1610490935.432843,489,0,-1,0
1610490935.4428446,489,0,-1,0
1610490935.452845,489,0,-1,0
1610490935.4628477,489,0,-1,0
1610490935.4728496,489,0,-1,0
1610490935.4828506,489,0,-1,0
1610490935.4928527,489,0,-1,0
1610490935.5028534,489,0,-1,0
1610490935.5128553,489,0,-1,0
1610490935.5228565,489,0,-1,0
1610490935.5328593,489,0,-1,0
1610490935.5428598,489,0,-1,0
1610490935.5528615,489,0,-1,0
1610490935.5628622,489,0,-1,0
1610490935.5728652,489,0,-1,0
1610490935.5828664,489,0,-1,0
1610490935.592868,489,0,-1,0
1610490935.6028697,489,0,-1,0
1610490935.6128702,489,0,-1,0
1610490935.6228726,489,0,-1,0
1610490935.6328747,489,0,-1,0
1610490935.6428769,489,0,-1,0
1610490935.6528795,489,0,-1,0
1610490935.6628802,489,0,-1,0
1610490935.6728806,489,0,-1,0
1610490935.6828828,489,0,-1,0
1610490935.6928835,489,0,-1,0
1610490935.7028847,489,0,-1,0
1610490935.7128856,489,0,-1,0
1610490935.722886,489,0,-1,0
1610490935.732889,489,0,-1,0
1610490935.7428908,489,0,-1,0
1610490935.752892,489,0,-1,0
1610490935.7628932,489,0,-1,0
1610490935.7728953,489,0,-1,0
1610490935.7828968,489,0,-1,0
1610490935.7928996,489,0,-1,0
1610490935.8029003,489,0,-1,0
1610490935.812901,489,0,-1,0
1610490935.8229027,489,0,-1,0
1610490935.8329036,489,0,-1,0
1610490935.8429058,489,0,-1,0
1610490935.8529077,489,0,-1,0
1610490935.8629138,489,0,-1,0
1610490935.8729165,489,0,-1,0
1610490935.8829184,489,0,-1,0
1610490935.8929205,489,0,-1,0
1610490935.9029229,489,0,-1,0
1610490935.912924,489,0,-1,0
1610490935.9229248,489,0,-1,0
1610490935.9329255,489,0,-1,0
1610490935.9429264,489,0,-1,0
1610490935.9529278,489,0,-1,0
1610490935.9629297,489,0,-1,0
1610490935.9729316,489,0,-1,0
1610490935.982934,489,0,-1,0
1610490935.9929357,489,0,-1,0
1610490936.0029366,489,0,-1,0
1610490936.0129392,489,0,-1,0
1610490936.02294,489,0,-1,0
1610490936.0329425,489,0,-1,0
1610490936.042944,489,0,-1,0
1610490936.0529444,489,0,-1,0
1610490936.0629473,489,0,-1,0
1610490936.0729494,489,0,-1,0
1610490936.082952,489,0,-1,0
1610490936.0929532,489,0,-1,0
1610490936.1029549,489,0,-1,0
1610490936.1129568,489,0,-1,0
1610490936.1229575,489,0,-1,0
1610490936.132959,489,0,-1,0
1610490936.14296,489,0,-1,0
1610490936.1529622,489,0,-1,0
1610490936.162964,489,0,-1,0
1610490936.1729648,489,0,-1,0
1610490936.182966,489,0,-1,0
1610490936.1929662,489,0,-1,0
1610490936.2029693,489,0,-1,0
1610490936.212971,489,0,-1,0
1610490936.2229712,489,0,-1,0
1610490936.2329717,489,0,-1,0
1610490936.242972,489,0,-1,0
1610490936.2529743,489,0,-1,0
1610490936.2629757,489,0,-1,0
1610490936.2729766,489,0,-1,0
1610490936.2829773,489,0,-1,0
1610490936.2929776,489,0,-1,0
1610490936.3029804,489,0,-1,0
1610490936.312983,489,0,-1,0
1610490936.3229847,489,0,-1,0
1610490936.3329856,489,0,-1,0
1610490936.3429885,489,0,-1,0
1610490936.3529897,489,0,-1,0
1610490936.3629904,489,0,-1,0
1610490936.3729923,489,0,-1,0
1610490936.382994,489,0,-1,0
1610490936.3929958,489,0,-1,0
1610490936.4029977,489,0,-1,0
1610490936.4129984,489,0,-1,0
1610490936.4230008,489,0,-1,0
1610490936.4330032,489,0,-1,0
1610490936.4430046,489,0,-1,0
1610490936.4530058,489,0,-1,0
1610490936.4630084,489,0,-1,0
1610490936.473009,489,0,-1,0
1610490936.4830105,489,0,-1,0
1610490936.493012,489,0,-1,0
1610490936.5030127,489,0,-1,0
1610490936.5130146,489,0,-1,0
1610490936.5230167,489,0,-1,0
1610490936.533018,489,0,-1,0
1610490936.543019,489,0,-1,0
1610490936.5530214,489,0,-1,0
1610490936.5630224,489,0,-1,0
1610490936.5730238,489,0,-1,0
1610490936.5830245,489,0,-1,0
1610490936.5930257,489,0,-1,0
1610490936.6030264,489,0,-1,0
1610490936.6130276,489,0,-1,0
1610490936.6230283,489,0,-1,0
1610490936.6330307,489,0,-1,0
1610490936.6430316,489,0,-1,0
1610490936.653034,489,0,-1,0
1610490936.663035,489,0,-1,0
1610490936.6730363,489,0,-1,0
1610490936.683039,489,0,-1,0
1610490936.6930394,489,0,-1,0
1610490936.7030413,489,0,-1,0
1610490936.7130437,489,0,-1,0
1610490936.723046,489,0,-1,0
1610490936.7330475,489,0,-1,0
1610490936.7430484,489,0,-1,0
1610490936.7530499,489,0,-1,0
1610490936.7630506,489,0,-1,0
1610490936.7730532,489,0,-1,0
1610490936.7830555,489,0,-1,0
1610490936.7930577,489,0,-1,0
1610490936.8030605,489,0,-1,0
1610490936.8130608,489,0,-1,0
1610490936.823061,489,0,-1,0
1610490936.8330617,489,0,-1,0
1610490936.8430634,489,0,-1,0
1610490936.853065,489,0,-1,0
1610490936.863066,489,0,-1,0
1610490936.8730688,489,0,-1,0
1610490936.88307,489,0,-1,0
1610490936.8930724,489,0,-1,0
1610490936.9030747,489,0,-1,0
1610490936.9130776,489,0,-1,0
1610490936.923078,489,0,-1,0
1610490936.9330795,489,0,-1,0
1610490936.9430807,489,0,-1,0
1610490936.953082,489,0,-1,0
1610490936.963083,489,0,-1,0
1610490936.9730856,489,0,-1,0
1610490936.9830868,489,0,-1,0
1610490936.993088,489,0,-1,0
1610490937.0030892,489,0,-1,0
1610490937.013092,489,0,-1,0
1610490937.0230927,489,0,-1,0
1610490937.0330937,489,0,-1,0
1610490937.0430954,489,0,-1,0
1610490937.0530958,489,0,-1,0
1610490937.0630987,489,0,-1,0
1610490937.0730999,489,0,-1,0
1610490937.0831006,489,0,-1,0
1610490937.093101,489,0,-1,0
1610490937.1031032,489,0,-1,0
1610490937.113105,489,0,-1,0
1610490937.1231077,489,0,-1,0
1610490937.133108,489,0,-1,0
1610490937.1431088,489,0,-1,0
1610490937.1531107,489,0,-1,0
1610490937.163112,489,0,-1,0
1610490937.1731148,489,0,-1,0
1610490937.1831152,489,0,-1,0
1610490937.1931157,489,0,-1,0
1610490937.203117,489,0,-1,0
1610490937.213119,489,0,-1,0
1610490937.2231214,489,0,-1,0
1610490937.2331226,489,0,-1,0
1610490937.243124,489,0,-1,0
1610490937.2531269,489,0,-1,0
1610490937.2631297,489,0,-1,0
1610490937.27313,489,0,-1,0
1610490937.2831302,489,0,-1,0
1610490937.2931328,489,0,-1,0
1610490937.3031354,489,0,-1,0
1610490937.3131366,489,0,-1,0
1610490937.3231375,489,0,-1,0
1610490937.33314,489,0,-1,0
1610490937.3431408,489,0,-1,0
1610490937.3531418,489,0,-1,0
1610490937.363144,489,0,-1,0
1610490937.3731449,489,0,-1,0
1610490937.3831468,489,0,-1,0
1610490937.3931477,489,0,-1,0
1610490937.4031496,489,0,-1,0
1610490937.4131515,489,0,-1,0
1610490937.4231524,489,0,-1,0
1610490937.4331548,489,0,-1,0
1610490937.4431565,489,0,-1,0
1610490937.4531589,489,0,-1,0
1610490937.4631605,489,0,-1,0
1610490937.4731634,489,0,-1,0
1610490937.4831655,489,0,-1,0
1610490937.4931674,489,0,-1,0
1610490937.50317,489,0,-1,0
1610490937.513172,489,0,-1,0
1610490937.523173,489,0,-1,0
1610490937.5331752,489,0,-1,0
1610490937.5431767,489,0,-1,0
1610490937.5531776,489,0,-1,0
1610490937.563179,489,0,-1,0
1610490937.5731814,489,0,-1,0
1610490937.583182,489,0,-1,0
1610490937.593184,489,0,-1,0
1610490937.6031861,489,0,-1,0
1610490937.613188,489,0,-1,0
1610490937.6231902,489,0,-1,0
1610490937.6331933,489,0,-1,0
1610490937.6431942,489,0,-1,0
1610490937.6531968,489,0,-1,0
1610490937.663198,489,0,-1,0
1610490937.673199,489,0,-1,0
1610490937.6832006,489,0,-1,0
1610490937.693201,489,0,-1,0
1610490937.7032034,489,0,-1,0
1610490937.7132056,489,0,-1,0
1610490937.7232058,489,0,-1,0
1610490937.7332065,489,0,-1,0
1610490937.7432072,489,0,-1,0
1610490937.7532084,489,0,-1,0
1610490937.763211,489,0,-1,0
1610490937.7732115,489,0,-1,0
1610490937.7832131,489,0,-1,0
1610490937.7932143,489,0,-1,0
1610490937.803215,489,0,-1,0
1610490937.8132164,489,0,-1,0
1610490937.8232176,489,0,-1,0
1610490937.8332198,489,0,-1,0
1610490937.8432212,489,0,-1,0
1610490937.8532214,489,0,-1,0
1610490937.8632243,489,0,-1,0
1610490937.8732255,489,0,-1,0
1610490937.8832266,489,0,-1,0
1610490937.8932283,489,0,-1,0
1610490937.9032295,489,0,-1,0
1610490937.9132318,489,0,-1,0
1610490937.9232347,489,0,-1,0
1610490937.9332373,489,0,-1,0
1610490937.9432375,489,0,-1,0
1610490937.9532402,489,0,-1,0
1610490937.9632416,489,0,-1,0
1610490937.9732425,489,0,-1,0
1610490937.9832451,489,0,-1,0
1610490937.9932475,489,0,-1,0
1610490938.0032496,489,0,-1,0
1610490938.0132518,489,0,-1,0
1610490938.0232522,489,0,-1,0
1610490938.0332541,489,0,-1,0
1610490938.043257,489,0,-1,0
1610490938.0532596,489,0,-1,0
1610490938.0632596,489,0,-1,0
1610490938.073261,489,0,-1,0
1610490938.083262,489,0,-1,0
1610490938.0932624,489,0,-1,0
1610490938.103263,489,0,-1,0
1610490938.1132636,489,0,-1,0
1610490938.1232653,489,0,-1,0
1610490938.1332662,489,0,-1,0
1610490938.1432688,489,0,-1,0
1610490938.153271,489,0,-1,0
1610490938.1632738,489,0,-1,0
1610490938.173276,489,0,-1,0
1610490938.1832783,489,0,-1,0
1610490938.1932812,489,0,-1,0
1610490938.2032816,489,0,-1,0
1610490938.2132828,489,0,-1,0
1610490938.223285,489,0,-1,0
1610490938.2332873,489,0,-1,0
1610490938.2432885,489,0,-1,0
1610490938.2532914,489,0,-1,0
1610490938.2632935,489,0,-1,0
1610490938.2732947,489,0,-1,0
1610490938.2832973,489,0,-1,0
1610490938.2933,489,0,-1,0
1610490938.303301,489,0,-1,0
1610490938.3133035,489,0,-1,0
1610490938.3233044,489,0,-1,0
1610490938.333307,489,0,-1,0
1610490938.3433075,489,0,-1,0
1610490938.3533082,489,0,-1,0
1610490938.363309,489,0,-1,0
1610490938.373312,489,0,-1,0
1610490938.3833141,489,0,-1,0
1610490938.3933165,489,0,-1,0
1610490938.403317,489,0,-1,0
1610490938.4133184,489,0,-1,0
1610490938.4233189,489,0,-1,0
1610490938.4333205,489,0,-1,0
1610490938.4433208,489,0,-1,0
1610490938.4533236,489,0,-1,0
1610490938.463326,489,0,-1,0
1610490938.4733276,489,0,-1,0
1610490938.4833302,489,0,-1,0
1610490938.4933324,489,0,-1,0
1610490938.5033343,489,0,-1,0
1610490938.5133355,489,0,-1,0
1610490938.5233371,489,0,-1,0
1610490938.533339,489,0,-1,0
1610490938.5433402,489,0,-1,0
1610490938.5533414,489,0,-1,0
1610490938.563343,489,0,-1,0
1610490938.573344,489,0,-1,0
1610490938.5833445,489,0,-1,0
1610490938.593347,489,0,-1,0
1610490938.6033497,489,0,-1,0
1610490938.6133506,489,0,-1,0
1610490938.6233525,489,0,-1,0
1610490938.6333554,489,0,-1,0
1610490938.6433558,489,0,-1,0
1610490938.6533577,489,0,-1,0
1610490938.66336,489,0,-1,0
1610490938.6733627,489,0,-1,0
1610490938.6833653,489,0,-1,0
1610490938.6933656,489,0,-1,0
1610490938.7033665,489,0,-1,0
1610490938.7133684,489,0,-1,0
1610490938.7233694,489,0,-1,0
1610490938.7333703,489,0,-1,0
1610490938.743371,489,0,-1,0
1610490938.7533736,489,0,-1,0
1610490938.7633753,489,0,-1,0
1610490938.7733781,489,0,-1,0
1610490938.783381,489,0,-1,0
1610490938.7933824,489,0,-1,0
1610490938.8033845,489,0,-1,0
1610490938.8133857,489,0,-1,0
1610490938.8233864,489,0,-1,0
1610490938.8333893,489,0,-1,0
1610490938.843391,489,0,-1,0
1610490938.853392,489,0,-1,0
1610490938.8633928,489,0,-1,0
1610490938.8733957,489,0,-1,0
1610490938.883397,489,0,-1,0
1610490938.8933985,489,0,-1,0
1610490938.9033997,489,0,-1,0
1610490938.9134011,489,0,-1,0
1610490938.9234037,489,0,-1,0
1610490938.933404,489,0,-1,0
1610490938.9434068,489,0,-1,0
1610490938.9534092,489,0,-1,0
1610490938.9634101,489,0,-1,0
1610490938.973411,489,0,-1,0
1610490938.983413,489,0,-1,0
1610490938.993413,489,0,-1,0
1610490939.0034134,489,0,-1,0
1610490939.0134163,489,0,-1,0
1610490939.0234184,489,0,-1,0
1610490939.0334196,489,0,-1,0
1610490939.0434203,489,0,-1,0
1610490939.0534213,489,0,-1,0
1610490939.063422,489,0,-1,0
1610490939.0734248,489,0,-1,0
1610490939.0834272,489,0,-1,0
1610490939.093428,489,0,-1,0
1610490939.103429,489,0,-1,0
1610490939.11343,489,0,-1,0
1610490939.1234317,489,0,-1,0
1610490939.133433,489,0,-1,0
1610490939.1434355,489,0,-1,0
1610490939.1534367,489,0,-1,0
1610490939.1634376,489,0,-1,0
1610490939.1734405,489,0,-1,0
1610490939.183442,489,0,-1,0
1610490939.1934443,489,0,-1,0
1610490939.2034464,489,0,-1,0
1610490939.213447,489,0,-1,0
1610490939.2234485,489,0,-1,0
1610490939.2334492,489,0,-1,0
1610490939.2434516,489,0,-1,0
1610490939.2534525,489,0,-1,0
1610490939.2634542,489,0,-1,0
1610490939.2734551,489,0,-1,0
1610490939.2834558,489,0,-1,0
1610490939.2934563,489,0,-1,0
1610490939.3034585,489,0,-1,0
1610490939.31346,489,0,-1,0
1610490939.3234613,489,0,-1,0
1610490939.3334641,489,0,-1,0
1610490939.3434646,489,0,-1,0
1610490939.3534677,489,0,-1,0
1610490939.3634691,489,0,-1,0
1610490939.3734705,489,0,-1,0
1610490939.383472,489,0,-1,0
1610490939.393472,489,0,-1,0
1610490939.403474,489,0,-1,0
1610490939.4134767,489,0,-1,0
1610490939.4234776,489,0,-1,0
1610490939.4334776,489,0,-1,0
1610490939.44348,489,0,-1,0
1610490939.4534812,489,0,-1,0
1610490939.4634833,489,0,-1,0
1610490939.4734852,489,0,-1,0
1610490939.4834867,489,0,-1,0
1610490939.493488,489,0,-1,0
1610490939.5034888,489,0,-1,0
1610490939.5134916,489,0,-1,0
1610490939.5234919,489,0,-1,0
1610490939.5334942,489,0,-1,0
1610490939.5434973,489,0,-1,0
1610490939.553498,489,0,-1,0
1610490939.5634987,489,0,-1,0
1610490939.5735002,489,0,-1,0
1610490939.583501,489,0,-1,0
1610490939.5935023,489,0,-1,0
1610490939.6035037,489,0,-1,0
1610490939.613504,489,0,-1,0
1610490939.6235054,489,0,-1,0
1610490939.6335073,489,0,-1,0
1610490939.643509,489,0,-1,0
1610490939.6535103,489,0,-1,0
1610490939.6635132,489,0,-1,0
1610490939.673515,489,0,-1,0
1610490939.6835167,489,0,-1,0
1610490939.6935196,489,0,-1,0
1610490939.703522,489,0,-1,0
1610490939.7135246,489,0,-1,0
1610490939.7235253,489,0,-1,0
1610490939.733526,489,0,-1,0
1610490939.7435262,489,0,-1,0
1610490939.7535267,489,0,-1,0
1610490939.7635272,489,0,-1,0
1610490939.7735286,489,0,-1,0
1610490939.7835312,489,0,-1,0
1610490939.793533,489,0,-1,0
1610490939.8035347,489,0,-1,0
1610490939.8135371,489,0,-1,0
1610490939.8235397,489,0,-1,0
1610490939.8335407,489,0,-1,0
1610490939.8435428,489,0,-1,0
1610490939.8535447,489,0,-1,0
1610490939.8635457,489,0,-1,0
1610490939.8735461,489,0,-1,0
1610490939.883547,489,0,-1,0
1610490939.8935487,489,0,-1,0
1610490939.9035492,489,0,-1,0
1610490939.9135518,489,0,-1,0
1610490939.9235523,489,0,-1,0
1610490939.9335535,489,0,-1,0
1610490939.943556,489,0,-1,0
1610490939.9535584,489,0,-1,0
1610490939.9635599,489,0,-1,0
1610490939.973561,489,0,-1,0
1610490939.9835634,489,0,-1,0
1610490939.9935644,489,0,-1,0
1610490940.003566,489,0,-1,0
1610490940.0135677,489,0,-1,0
1610490940.02357,489,0,-1,0
1610490940.0335712,489,0,-1,0
1610490940.0435736,489,0,-1,0
1610490940.0535755,489,0,-1,0
1610490940.0635774,489,0,-1,0
1610490940.0735795,489,0,-1,0
1610490940.0835822,489,0,-1,0
1610490940.0935826,489,0,-1,0
1610490940.103585,489,0,-1,0
1610490940.1135867,489,0,-1,0
1610490940.1235878,489,0,-1,0
1610490940.133589,489,0,-1,0
1610490940.1435914,489,0,-1,0
1610490940.1535926,489,0,-1,0
1610490940.1635928,489,0,-1,0
1610490940.1735954,489,0,-1,0
1610490940.1835968,489,0,-1,0
1610490940.193598,489,0,-1,0
1610490940.203601,489,0,-1,0
1610490940.2136016,489,0,-1,0
1610490940.2236032,489,0,-1,0
1610490940.2336056,489,0,-1,0
1610490940.243607,489,0,-1,0
1610490940.2536077,489,0,-1,0
1610490940.2636094,489,0,-1,0
1610490940.2736108,489,0,-1,0
1610490940.2836134,489,0,-1,0
1610490940.2936146,489,0,-1,0
1610490940.3036163,489,0,-1,0
1610490940.313619,489,0,-1,0
1610490940.323621,489,0,-1,0
1610490940.3336222,489,0,-1,0
1610490940.3436244,489,0,-1,0
1610490940.353627,489,0,-1,0
1610490940.3636298,489,0,-1,0
1610490940.3736308,489,0,-1,0
1610490940.3836317,489,0,-1,0
1610490940.3936343,489,0,-1,0
1610490940.4036365,489,0,-1,0
1610490940.413639,489,0,-1,0
1610490940.4236422,489,0,-1,0
1610490940.4336436,489,0,-1,0
1610490940.4436457,489,0,-1,0
1610490940.4536474,489,0,-1,0
1610490940.4636486,489,0,-1,0
1610490940.4736507,489,0,-1,0
1610490940.483652,489,0,-1,0
1610490940.4936535,489,0,-1,0
1610490940.5036552,489,0,-1,0
1610490940.5136561,489,0,-1,0
1610490940.5236585,489,0,-1,0
1610490940.5336597,489,0,-1,0
1610490940.5436606,489,0,-1,0
1610490940.5536625,489,0,-1,0
1610490940.5636628,489,0,-1,0
1610490940.5736656,489,0,-1,0
1610490940.583667,489,0,-1,0
1610490940.5936673,489,0,-1,0
1610490940.6036685,489,0,-1,0
1610490940.6136696,489,0,-1,0
1610490940.6236706,489,0,-1,0
1610490940.6336732,489,0,-1,0
1610490940.6436741,489,0,-1,0
1610490940.6536765,489,0,-1,0
1610490940.6636784,489,0,-1,0
1610490940.67368,489,0,-1,0
1610490940.6836805,489,0,-1,0
1610490940.6936812,489,0,-1,0
1610490940.7036831,489,0,-1,0
1610490940.7136843,489,0,-1,0
1610490940.7236872,489,0,-1,0
1610490940.7336895,489,0,-1,0
1610490940.7436907,489,0,-1,0
1610490940.7536933,489,0,-1,0
1610490940.763694,489,0,-1,0
1610490940.7736957,489,0,-1,0
1610490940.783697,489,0,-1,0
1610490940.7936985,489,0,-1,0
1610490940.803699,489,0,-1,0
1610490940.813701,489,0,-1,0
1610490940.8237023,489,0,-1,0
1610490940.8337035,489,0,-1,0
1610490940.8437052,489,0,-1,0
1610490940.8537056,489,0,-1,0
1610490940.8637073,489,0,-1,0
1610490940.87371,489,0,-1,0
1610490940.883712,489,0,-1,0
1610490940.893713,489,0,-1,0
1610490940.903714,489,0,-1,0
1610490940.9137146,489,0,-1,0
1610490940.923716,489,0,-1,0
1610490940.9337168,489,0,-1,0
1610490940.9437194,489,0,-1,0
1610490940.95372,489,0,-1,0
1610490940.9637208,489,0,-1,0
1610490940.9737217,489,0,-1,0
1610490940.983722,489,0,-1,0
1610490940.9937232,489,0,-1,0
1610490941.0037248,489,0,-1,0
1610490941.0137272,489,0,-1,0
1610490941.023729,489,0,-1,0
1610490941.033731,489,0,-1,0
1610490941.0437326,489,0,-1,0
1610490941.0537353,489,0,-1,0
1610490941.0637357,489,0,-1,0
1610490941.073738,489,0,-1,0
1610490941.083739,489,0,-1,0
1610490941.0937407,489,0,-1,0
1610490941.1037433,489,0,-1,0
1610490941.113745,489,0,-1,0
1610490941.1237462,489,0,-1,0
1610490941.133749,489,0,-1,0
1610490941.143751,489,0,-1,0
1610490941.1537535,489,0,-1,0
1610490941.1637554,489,0,-1,0
1610490941.1737585,489,0,-1,0
1610490941.1837602,489,0,-1,0
1610490941.1937623,489,0,-1,0
1610490941.203763,489,0,-1,0
1610490941.2137647,489,0,-1,0
1610490941.2237656,489,0,-1,0
1610490941.2337663,489,0,-1,0
1610490941.243767,489,0,-1,0
1610490941.2537673,489,0,-1,0
1610490941.2637687,489,0,-1,0
1610490941.2737703,489,0,-1,0
1610490941.2837732,489,0,-1,0
1610490941.2937744,489,0,-1,0
1610490941.303776,489,0,-1,0
1610490941.3137782,489,0,-1,0
1610490941.323781,489,0,-1,0
1610490941.3337815,489,0,-1,0
1610490941.343784,489,0,-1,0
1610490941.3537867,489,0,-1,0
1610490941.3637874,489,0,-1,0
1610490941.3737879,489,0,-1,0
1610490941.3837903,489,0,-1,0
1610490941.3937912,489,0,-1,0
1610490941.4037938,489,0,-1,0
1610490941.4137955,489,0,-1,0
1610490941.4237967,489,0,-1,0
1610490941.4337993,489,0,-1,0
1610490941.443801,489,0,-1,0
1610490941.4538035,489,0,-1,0
1610490941.463806,489,0,-1,0
1610490941.4738069,489,0,-1,0
1610490941.4838085,489,0,-1,0
1610490941.4938102,489,0,-1,0
1610490941.503812,489,0,-1,0
1610490941.513814,489,0,-1,0
1610490941.523815,489,0,-1,0
1610490941.5338156,489,0,-1,0
1610490941.543817,489,0,-1,0
1610490941.5538192,489,0,-1,0
1610490941.563822,489,0,-1,0
1610490941.5738235,489,0,-1,0
1610490941.5838256,489,0,-1,0
1610490941.5938284,489,0,-1,0
1610490941.6038306,489,0,-1,0
1610490941.613832,489,0,-1,0
1610490941.6238325,489,0,-1,0
1610490941.6338367,489,0,-1,0
1610490941.643838,489,0,-1,0
1610490941.65384,489,0,-1,0
1610490941.6638417,489,0,-1,0
1610490941.6738443,489,0,-1,0
1610490941.683847,489,0,-1,0
1610490941.6938486,489,0,-1,0
1610490941.7038498,489,0,-1,0
1610490941.7138517,489,0,-1,0
1610490941.7238524,489,0,-1,0
1610490941.7338533,489,0,-1,0
1610490941.743855,489,0,-1,0
1610490941.7538555,489,0,-1,0
1610490941.7638576,489,0,-1,0
1610490941.7738605,489,0,-1,0
1610490941.7838614,489,0,-1,0
1610490941.793863,489,0,-1,0
1610490941.8038633,489,0,-1,0
1610490941.8138652,489,0,-1,0
1610490941.8238673,489,0,-1,0
1610490941.8338683,489,0,-1,0
1610490941.8438706,489,0,-1,0
1610490941.8538723,489,0,-1,0
1610490941.8638732,489,0,-1,0
1610490941.8738759,489,0,-1,0
1610490941.8838792,489,0,-1,0
1610490941.89388,489,0,-1,0
1610490941.903882,489,0,-1,0
1610490941.9138844,489,0,-1,0
1610490941.9238853,489,0,-1,0
1610490941.9338863,489,0,-1,0
1610490941.943887,489,0,-1,0
1610490941.9538891,489,0,-1,0
1610490941.963892,489,0,-1,0
1610490941.9738936,489,0,-1,0
1610490941.9838946,489,0,-1,0
1610490941.9938967,489,0,-1,0
1610490942.0038977,489,0,-1,0
1610490942.0138986,489,0,-1,0
1610490942.0239007,489,0,-1,0
1610490942.0339026,489,0,-1,0
1610490942.0439045,489,0,-1,0
1610490942.0539057,489,0,-1,0
1610490942.0639076,489,0,-1,0
1610490942.0739105,489,0,-1,0
1610490942.0839107,489,0,-1,0
1610490942.0939114,489,0,-1,0
1610490942.1039138,489,0,-1,0
1610490942.113915,489,0,-1,0
1610490942.1239152,489,0,-1,0
1610490942.1339169,489,0,-1,0
1610490942.1439185,489,0,-1,0
1610490942.1539207,489,0,-1,0
1610490942.1639307,489,0,-1,0
1610490942.1739326,489,0,-1,0
1610490942.1839347,489,0,-1,0
1610490942.193937,489,0,-1,0
1610490942.2039385,489,0,-1,0
1610490942.2139394,489,0,-1,0
1610490942.22394,489,0,-1,0
1610490942.233942,489,0,-1,0
1610490942.2439435,489,0,-1,0
1610490942.2539444,489,0,-1,0
1610490942.2639484,489,0,-1,0
1610490942.2739494,489,0,-1,0
1610490942.2839508,489,0,-1,0
1610490942.2939515,489,0,-1,0
1610490942.3039534,489,0,-1,0
1610490942.313955,489,0,-1,0
1610490942.3239715,489,0,-1,0
1610490942.3339717,489,0,-1,0
1610490942.3439724,489,0,-1,0
1610490942.353975,489,0,-1,0
1610490942.363977,489,0,-1,0
1610490942.373978,489,0,-1,0
1610490942.3839781,489,0,-1,0
1610490942.3939786,489,0,-1,0
1610490942.4039793,489,0,-1,0
1610490942.41398,489,0,-1,0
1610490942.4239829,489,0,-1,0
1610490942.4339838,489,0,-1,0
1610490942.4439847,489,0,-1,0
1610490942.4539864,489,0,-1,0
1610490942.4639864,489,0,-1,0
1610490942.4739885,489,0,-1,0
1610490942.4839902,489,0,-1,0
1610490942.4939916,489,0,-1,0
1610490942.503993,489,0,-1,0
1610490942.5139937,489,0,-1,0
1610490942.523996,489,0,-1,0
1610490942.533997,489,0,-1,0
1610490942.5439975,489,0,-1,0
1610490942.5539978,489,0,-1,0
1610490942.5639992,489,0,-1,0
1610490942.5740001,489,0,-1,0
1610490942.5840008,489,0,-1,0
1610490942.5940037,489,0,-1,0
1610490942.6040058,489,0,-1,0
1610490942.614008,489,0,-1,0
1610490942.6240087,489,0,-1,0
1610490942.6340091,489,0,-1,0
1610490942.644011,489,0,-1,0
1610490942.654012,489,0,-1,0
1610490942.664015,489,0,-1,0
1610490942.6740174,489,0,-1,0
1610490942.6840196,489,0,-1,0
1610490942.6940222,489,0,-1,0
1610490942.7040243,489,0,-1,0
1610490942.7140248,489,0,-1,0
1610490942.7240276,489,0,-1,0
1610490942.73403,489,0,-1,0
1610490942.7440312,489,0,-1,0
1610490942.754033,489,0,-1,0
1610490942.7640352,489,0,-1,0
1610490942.7740383,489,0,-1,0
1610490942.7840395,489,0,-1,0
1610490942.7940414,489,0,-1,0
1610490942.8040423,489,0,-1,0
1610490942.8140454,489,0,-1,0
1610490942.8240476,489,0,-1,0
1610490942.83405,489,0,-1,0
1610490942.8440528,489,0,-1,0
1610490942.8540554,489,0,-1,0
1610490942.864058,489,0,-1,0
1610490942.8740597,489,0,-1,0
1610490942.8840601,489,0,-1,0
1610490942.8940616,489,0,-1,0
1610490942.904064,489,0,-1,0
1610490942.9140642,489,0,-1,0
1610490942.9240658,489,0,-1,0
1610490942.9340665,489,0,-1,0
1610490942.9440684,489,0,-1,0
1610490942.9540708,489,0,-1,0
1610490942.9640718,489,0,-1,0
1610490942.9740875,489,0,-1,0
1610490942.9840884,489,0,-1,0
1610490942.9940908,489,0,-1,0
1610490943.004094,489,0,-1,0
1610490943.0140955,489,0,-1,0
1610490943.0240972,489,0,-1,0
1610490943.0340977,489,0,-1,0
1610490943.0441003,489,0,-1,0
1610490943.0541008,489,0,-1,0
1610490943.0641034,489,0,-1,0
1610490943.0741057,489,0,-1,0
1610490943.084107,489,0,-1,0
1610490943.0941093,489,0,-1,0
1610490943.104112,489,0,-1,0
1610490943.114113,489,0,-1,0
1610490943.124114,489,0,-1,0
1610490943.1341162,489,0,-1,0
1610490943.1441164,489,0,-1,0
1610490943.1541169,489,0,-1,0
1610490943.1641173,489,0,-1,0
1610490943.1741185,489,0,-1,0
1610490943.1841204,489,0,-1,0
1610490943.1941235,489,0,-1,0
1610490943.2041254,489,0,-1,0
1610490943.214128,489,0,-1,0
1610490943.2241304,489,0,-1,0
1610490943.2341318,489,0,-1,0
1610490943.2441328,489,0,-1,0
1610490943.2541351,489,0,-1,0
1610490943.2641358,489,0,-1,0
1610490943.2741368,489,0,-1,0
1610490943.2841382,489,0,-1,0
1610490943.2941387,489,0,-1,0
1610490943.3041399,489,0,-1,0
1610490943.3141413,489,0,-1,0
1610490943.3241434,489,0,-1,0
1610490943.3341448,489,0,-1,0
1610490943.344146,489,0,-1,0
1610490943.3541489,489,0,-1,0
1610490943.3641508,489,0,-1,0
1610490943.3741531,489,0,-1,0
1610490943.3841536,489,0,-1,0
1610490943.3941553,489,0,-1,0
1610490943.4041579,489,0,-1,0
1610490943.414158,489,0,-1,0
1610490943.42416,489,0,-1,0
1610490943.4341621,489,0,-1,0
1610490943.4441624,489,0,-1,0
1610490943.4541628,489,0,-1,0
1610490943.4641652,489,0,-1,0
1610490943.4741669,489,0,-1,0
1610490943.4841685,489,0,-1,0
1610490943.4941692,489,0,-1,0
1610490943.504172,489,0,-1,0
1610490943.514173,489,0,-1,0
1610490943.5241754,489,0,-1,0
1610490943.534178,489,0,-1,0
1610490943.5441794,489,0,-1,0
1610490943.5541816,489,0,-1,0
1610490943.5641835,489,0,-1,0
1610490943.5741851,489,0,-1,0
1610490943.5841875,489,0,-1,0
1610490943.5941887,489,0,-1,0
1610490943.604189,489,0,-1,0
1610490943.614191,489,0,-1,0
1610490943.6241934,489,0,-1,0
1610490943.6341949,489,0,-1,0
1610490943.6441977,489,0,-1,0
1610490943.6541986,489,0,-1,0
1610490943.6641994,489,0,-1,0
1610490943.6742003,489,0,-1,0
1610490943.6842027,489,0,-1,0
1610490943.6942039,489,0,-1,0
1610490943.7042062,489,0,-1,0
1610490943.7142065,489,0,-1,0
1610490943.7242086,489,0,-1,0
1610490943.73421,489,0,-1,0
